ch1voltsWL2,ch5voltsWL2
5.9934e-05,-0.035467
9.3071e-05,-0.035288
0.00014521,-0.035051
0.00020537,-0.034743
0.00026165,-0.034397
0.00031243,-0.034026
0.00036155,-0.033625
0.0004085,-0.033227
0.0004502,-0.032934
0.00049194,-0.032866
0.00054958,-0.033061
0.00063532,-0.033426
0.0007419,-0.033801
0.00084651,-0.034047
0.00093182,-0.034094
0.00099974,-0.033915
0.0010622,-0.033493
0.0011204,-0.03283
0.0011573,-0.031995
0.0011507,-0.031124
0.0010934,-0.030356
0.00099881,-0.029753
0.00088962,-0.029291
0.00078193,-0.028928
0.0006796,-0.028667
0.00057978,-0.028523
0.00048157,-0.028453
0.00038907,-0.028345
0.00030702,-0.028088
0.00023439,-0.027652
0.00016323,-0.027071
8.6138e-05,-0.026376
6.6338e-06,-0.025567
-5.8813e-05,-0.024683
-9.2066e-05,-0.023844
-8.9405e-05,-0.023175
-6.6404e-05,-0.022681
-4.452e-05,-0.022211
-3.1011e-05,-0.021596
-1.2522e-05,-0.020815
3.0193e-05,-0.01999
0.00010109,-0.019232
0.0001835,-0.018516
0.00025617,-0.017733
0.00031315,-0.016846
0.00036618,-0.015944
0.00042886,-0.015112
0.00050145,-0.014302
0.00057317,-0.013363
0.00063705,-0.01222
0.00069836,-0.010978
0.00076702,-0.0098233
0.00084479,-0.0088244
0.00092364,-0.0078575
0.00099665,-0.0067478
0.0010669,-0.005462
0.0011432,-0.0041424
0.0012278,-0.0029534
0.001312,-0.0019111
0.0013846,-0.00087224
0.0014436,0.0003224
0.0014983,0.001711
0.0015596,0.0031997
0.0016279,0.0046482
0.0016911,0.0059478
0.0017369,0.0070398
0.0017677,0.0078948
0.001804,0.0085057
0.0018685,0.0089052
0.0019655,0.0091729
0.0020765,0.0094098
0.0021793,0.0097025
0.002269,0.010114
0.0023565,0.010705
0.0024446,0.011549
0.0025113,0.01268
0.0025232,0.014015
0.0024672,0.015326
0.0023639,0.016341
0.0022474,0.016938
0.0021358,0.017253
0.0020249,0.017569
0.0019055,0.018058
0.0017788,0.018621
0.0016525,0.019032
0.001531,0.01925
0.0014171,0.019555
0.00132,0.020308
0.0012487,0.021546
0.001194,0.022887
0.0011293,0.023901
0.0010396,0.024579
0.00094713,0.025346
0.00089275,0.02655
0.00088705,0.028014
0.00089119,0.029202
0.00086163,0.029865
0.00080891,0.030339
0.00079145,0.031086
0.00084104,0.032004
0.00091093,0.0325
0.00092441,0.032394
0.00088038,0.032537
0.0008844,0.034111
0.0010442,0.037123
0.0013313,0.039879
0.0015721,0.040399
0.0016032,0.038495
0.0014366,0.036228
0.0012543,0.036021
0.0012303,0.038336
0.0013653,0.04137
0.0015066,0.043037
0.0015216,0.043017
0.0014282,0.042731
0.00135,0.043548
0.0013643,0.045399
0.0014245,0.047228
0.001436,0.048426
0.0013802,0.04943
0.0013359,0.050903
0.0013802,0.052716
0.0014948,0.054019
0.0015868,0.054249
0.0015921,0.053785
0.0015378,0.05351
0.001499,0.053875
0.0015124,0.054572
0.0015481,0.055064
0.0015598,0.055241
0.0015413,0.055446
0.0015237,0.055991
0.0015274,0.056807
0.0015332,0.057617
0.0015031,0.058283
0.0014195,0.058886
0.0012952,0.059487
0.0011513,0.059947
0.00099674,0.060047
0.0008309,0.059761
0.00065698,0.059314
0.00048335,0.059
0.00031354,0.058951
0.00014421,0.059107
-2.3306e-05,0.059354
-0.00017533,0.059635
-0.00029725,0.059916
-0.00039317,0.060106
-0.00048827,0.06004
-0.00060587,0.059561
-0.00074148,0.05863
-0.00086299,0.057357
-0.00093892,0.055935
-0.00096682,0.054523
-0.00097363,0.053182
-0.00098845,0.051879
-0.0010154,0.050568
-0.0010331,0.04925
-0.0010195,0.04798
-0.00097549,0.046808
-0.00092454,0.045729
-0.0008889,0.044689
-0.00087074,0.043633
-0.00085753,0.042544
-0.0008432,0.04145
-0.00083795,0.040384
-0.00085436,0.039369
-0.00088706,0.038416
-0.00091243,0.037525
-0.00091216,0.036683
-0.00089289,0.035867
-0.00087662,0.03507
-0.0008738,0.034308
-0.00087312,0.033597
-0.00086044,0.032907
-0.00084148,0.032175
-0.0008357,0.031376
-0.0008472,0.030583
-0.00085212,0.029897
-0.00082375,0.029315
-0.00076967,0.028678
-0.00073352,0.027807
-0.00075098,0.026696
-0.00080712,0.02553
-0.00084596,0.024471
-0.00082436,0.023439
-0.00075229,0.022157
-0.00067713,0.020453
-0.00063289,0.018494
-0.00061243,0.016704
-0.00058787,0.015418
-0.00054769,0.014639
-0.00050773,0.014111
-0.00049135,0.013576
-0.00050921,0.01293
-0.00056033,0.012154
-0.0006442,0.011186
-0.00076232,0.0099229
-0.00090809,0.0083483
-0.0010622,0.0066107
-0.0012029,0.0049379
-0.0013203,0.0034736
-0.0014194,0.0022087
-0.0015109,0.0010618
-0.0015995,6.7902e-08
-0.0016808,-0.0009312
-0.0017451,-0.0016867
-0.0017872,-0.0023057
-0.0018146,-0.0029091
-0.0018454,-0.0036113
-0.0018931,-0.0044343
-0.0019492,-0.0053021
-0.0019847,-0.0061154
-0.0019755,-0.0068377
-0.0019288,-0.0075235
-0.0018794,-0.0082712
-0.0018549,-0.0091456
-0.0018471,-0.010135
-0.0018222,-0.011168
-0.0017594,-0.012161
-0.0016738,-0.013054
-0.0015976,-0.013825
-0.0015428,-0.014484
-0.0014913,-0.01507
-0.0014221,-0.015644
-0.0013411,-0.01625
-0.001276,-0.016881
-0.0012428,-0.017475
-0.0012249,-0.017965
-0.0011917,-0.018344
-0.0011341,-0.01869
-0.0010735,-0.019105
-0.0010337,-0.019613
-0.0010113,-0.020118
-0.00098119,-0.020472
-0.00092877,-0.020616
-0.00086827,-0.020647
-0.00082433,-0.020743
-0.00080119,-0.021008
-0.00077794,-0.021379
-0.0007337,-0.021696
-0.00066955,-0.021855
-0.0006021,-0.021916
-0.00054202,-0.022076
-0.00048767,-0.022535
-0.00043804,-0.023365
-0.00040113,-0.024459
-0.00038285,-0.025586
-0.0003733,-0.026517
-0.00035271,-0.027145
-0.00031178,-0.027512
-0.00025973,-0.027736
-0.0002105,-0.027908
-0.00016937,-0.028068
-0.00014053,-0.028248
-0.00014258,-0.028517
-0.00020252,-0.028953
-0.00032654,-0.029575
-0.00048281,-0.030325
-0.00062432,-0.031121
-0.00073174,-0.031923
-0.00082819,-0.032737
-0.00094795,-0.033568
-0.001094,-0.034389
-0.0012323,-0.035157
-0.0013268,-0.035836
-0.0013777,-0.036394
-0.0014215,-0.036798
-0.0014943,-0.037031
-0.0015965,-0.037125
-0.0016925,-0.037161
-0.0017448,-0.037226
-0.0017485,-0.037372
-0.0017335,-0.037603
-0.0017327,-0.037886
-0.0017472,-0.038157
-0.0017459,-0.038337
-0.0017032,-0.038392
-0.001632,-0.038394
-0.001575,-0.038482
-0.0015587,-0.038727
-0.0015607,-0.039024
-0.0015304,-0.039174
-0.0014421,-0.039086
-0.0013236,-0.038891
-0.0012302,-0.038806
-0.0011919,-0.038884
-0.0011892,-0.038947
-0.0011789,-0.038783
-0.001135,-0.038401
-0.0010652,-0.038037
-0.00099354,-0.037892
-0.00093706,-0.037917
-0.00090026,-0.037905
-0.00088165,-0.037752
-0.00087522,-0.03758
-0.00086436,-0.037567
-0.00082386,-0.037691
-0.00073905,-0.037738
-0.00062622,-0.037548
-0.00052779,-0.037209
-0.00047817,-0.036967
-0.00047126,-0.036973
-0.00046421,-0.03718
-0.00041661,-0.037466
-0.00032657,-0.037777
-0.0002271,-0.03809
-0.00014934,-0.038282
-9.425e-05,-0.038164
-4.1711e-05,-0.037673
1.9374e-05,-0.037008
7.7662e-05,-0.036492
0.00011525,-0.036291
0.00012748,-0.036312
0.00011954,-0.036364
8.7678e-05,-0.036385
1.5818e-05,-0.036461
-0.00010169,-0.036676
-0.00023873,-0.036995
-0.00034916,-0.037323
-0.0004055,-0.037627
-0.00042401,-0.037963
-0.00044758,-0.038391
-0.00050397,-0.038898
-0.0005831,-0.039405
-0.00065375,-0.039831
-0.00069648,-0.040127
-0.00071573,-0.04028
-0.0007236,-0.040314
-0.00072158,-0.040298
-0.00070414,-0.040315
-0.00067432,-0.040412
-0.00064325,-0.040568
-0.00060929,-0.040733
-0.00054836,-0.040873
-0.00044018,-0.040977
-0.00030526,-0.041018
-0.00019807,-0.040938
-0.00014826,-0.040684
-0.00011715,-0.040267
-3.7003e-05,-0.039759
9.9317e-05,-0.039224
0.00021344,-0.038657
0.00023335,-0.03799
0.00019865,-0.037142
0.00023101,-0.036083
0.00038199,-0.034872
0.0005489,-0.033658
0.00059187,-0.032603
0.00052247,-0.031772
0.00050648,-0.031065
0.00064433,-0.030289
0.00081351,-0.029333
0.00082128,-0.028276
0.00070195,-0.027317
0.00073477,-0.026568
0.0010773,-0.025931
0.0014654,-0.025202
0.0014576,-0.024286
0.0010371,-0.023283
0.00081652,-0.022353
0.0014492,-0.021526
0.0028166,-0.02068
0.0039635,-0.019713
0.0039771,-0.018702
0.0029053,-0.017847
0.0017001,-0.017253
0.0012559,-0.016768
0.001607,-0.016072
0.0020947,-0.014931
0.0021798,-0.013394
0.0019337,-0.011771
0.001759,-0.010406
0.0018232,-0.0094608
0.0019152,-0.0088557
0.0017943,-0.0083688
0.0015072,-0.0077997
0.0012906,-0.0070774
0.0012527,-0.0062546
0.0012667,-0.0054345
0.0011742,-0.0046982
0.00099445,-0.0040699
0.00087463,-0.0035111
0.00088223,-0.002931
0.00092499,-0.0022227
0.00088339,-0.0013364
0.00076299,-0.0003403
0.00067325,0.00061075
0.00068052,0.0014013
0.00073463,0.0020594
0.00075034,0.0027183
0.00072103,0.0034655
0.00071705,0.0042512
0.00078479,0.0049677
0.00088538,0.005607
0.00094698,0.0062948
0.00095417,0.0071543
0.00095993,0.0081623
0.0010137,0.0091793
0.0011022,0.01012
0.0011727,0.011055
0.0012013,0.012123
0.0012191,0.013373
0.0012688,0.014708
0.0013523,0.016001
0.0014282,0.017225
0.001458,0.018451
0.0014458,0.019745
0.0014312,0.021074
0.0014494,0.022335
0.0015013,0.023456
0.0015591,0.024476
0.0015969,0.025524
0.0016159,0.026714
0.0016384,0.028038
0.001679,0.029365
0.0017222,0.030563
0.0017348,0.031635
0.0017047,0.032707
0.0016647,0.033852
0.0016668,0.034929
0.0017283,0.035663
0.0018094,0.035936
0.001852,0.035967
0.0018409,0.036158
0.0018194,0.036747
0.0018381,0.037628
0.0018955,0.038545
0.0019359,0.039401
0.0019066,0.040311
0.0018055,0.041353
0.0016708,0.042353
0.0015328,0.043027
0.0013901,0.043325
0.0012333,0.043555
0.0010742,0.044098
0.00093689,0.045009
0.00082243,0.045956
0.00069947,0.046586
0.00054103,0.046906
0.00036325,0.047278
0.00021457,0.048035
0.00012417,0.049145
7.1449e-05,0.050261
1.3437e-05,0.051076
-6.4552e-05,0.051587
-0.00013705,0.052032
-0.0001764,0.052601
-0.00018891,0.053267
-0.00020316,0.053855
-0.00022872,0.054258
-0.00024157,0.054545
-0.00021584,0.054886
-0.00016008,0.055394
-0.00011061,0.056047
-9.032e-05,0.056743
-8.5295e-05,0.057409
-6.7162e-05,0.058055
-2.9811e-05,0.05873
6.907e-06,0.059447
2.8431e-05,0.060173
4.7461e-05,0.060884
8.6678e-05,0.061619
0.00014535,0.062432
0.00019424,0.06329
0.00020738,0.064019
0.00019274,0.064412
0.0001857,0.064415
0.00021408,0.064196
0.00027528,0.064006
0.00034691,0.063936
0.00041243,0.063815
0.000471,0.063365
0.0005261,0.062468
0.00057364,0.061306
0.00060579,0.060227
0.00062336,0.059481
0.00063911,0.059045
0.00066791,0.05865
0.00071646,0.057972
0.00078292,0.056823
0.0008614,0.055239
0.00094321,0.053447
0.0010166,0.051747
0.0010716,0.050384
0.0011085,0.049443
0.0011364,0.048838
0.0011585,0.048371
0.0011598,0.047857
0.0011149,0.047205
0.0010111,0.046413
0.00086375,0.045476
0.00070526,0.044305
0.0005597,0.042766
0.00042846,0.040824
0.00029754,0.038647
0.00015434,0.036534
-2.1888e-06,0.034708
-0.00016173,0.03316
-0.00030778,0.031716
-0.00042563,0.030244
-0.00051214,0.028782
-0.00058041,0.027463
-0.0006508,0.026337
-0.0007336,0.025313
-0.00082126,0.02426
-0.00089941,0.023139
-0.0009624,0.022005
-0.0010136,0.020908
-0.001052,0.019818
-0.0010672,0.018655
-0.0010511,0.017378
-0.0010126,0.016013
-0.00097221,0.014616
-0.00094284,0.013243
-0.00092071,0.011959
-0.00089621,0.010845
-0.00086765,0.0099645
-0.00083898,0.0092913
-0.00080834,0.008702
-0.00076823,0.0080555
-0.00071965,0.0073063
-0.00067852,0.0065425
-0.00066117,0.0058975
-0.00066547,0.0053969
-0.00067239,0.0048901
-0.0006656,0.0041646
-0.00064336,0.003164
-0.00060977,0.0020932
-0.00056354,0.0012616
-0.00050519,0.0007767
-0.00045216,0.00040849
-0.00043256,-0.00019138
-0.00045428,-0.001111
-0.00048576,-0.002051
-0.00048035,-0.0026155
-0.00042428,-0.0027259
-0.00035347,-0.0027092
-0.00031521,-0.0029674
-0.00031542,-0.0036047
-0.00031217,-0.0044157
-0.00026352,-0.0051998
-0.00017483,-0.0059987
-9.2745e-05,-0.0069835
-5.6002e-05,-0.0081651
-6.03e-05,-0.0093059
-7.2733e-05,-0.010141
-7.2008e-05,-0.010641
-6.7162e-05,-0.011012
-8.1206e-05,-0.011472
-0.00012752,-0.012072
-0.0002061,-0.012744
-0.00031437,-0.013472
-0.00045031,-0.014336
-0.00060397,-0.01541
-0.0007549,-0.016647
-0.00088542,-0.017901
-0.00099537,-0.019064
-0.0010995,-0.020147
-0.0012102,-0.02123
-0.0013256,-0.022344
-0.0014341,-0.023404
-0.0015269,-0.02428
-0.0016005,-0.024913
-0.0016539,-0.025384
-0.0016885,-0.025852
-0.0017133,-0.026416
-0.0017431,-0.027029
-0.0017837,-0.027546
-0.0018216,-0.027887
-0.0018338,-0.028136
-0.0018105,-0.028489
-0.0017666,-0.029066
-0.0017276,-0.029799
-0.0017041,-0.030487
-0.0016828,-0.030975
-0.0016432,-0.031264
-0.0015802,-0.031462
-0.0015113,-0.031658
-0.0014623,-0.031866
-0.001445,-0.032077
-0.001446,-0.032323
-0.0014367,-0.032657
-0.001398,-0.033093
-0.0013371,-0.033567
-0.0012813,-0.033986
-0.0012533,-0.034303
-0.0012502,-0.034538
-0.0012482,-0.034742
-0.0012255,-0.034956
-0.0011799,-0.035204
-0.0011248,-0.035502
-0.0010718,-0.035834
-0.0010221,-0.036129
-0.00097368,-0.036278
-0.00093259,-0.036214
-0.00091058,-0.035987
-0.00091096,-0.035734
-0.00091924,-0.035573
-0.00091135,-0.035521
-0.00087237,-0.035537
-0.00080685,-0.035625
-0.000731,-0.035871
-0.00065639,-0.036327
-0.00058255,-0.036877
-0.00050475,-0.037248
-0.00042631,-0.037212
-0.00036128,-0.036787
-0.00032507,-0.036251
-0.00032373,-0.035933
-0.00035291,-0.035991
-0.00040583,-0.036351
-0.00047965,-0.036848
-0.00057372,-0.037374
-0.00068409,-0.037917
-0.00080207,-0.038494
-0.00091853,-0.039086
-0.0010283,-0.039648
-0.0011296,-0.040156
-0.0012212,-0.040612
-0.0013007,-0.041016
-0.0013664,-0.041344
-0.0014186,-0.041573
-0.0014582,-0.041719
-0.0014856,-0.041839
-0.0015,-0.041986
-0.0015009,-0.042165
-0.001488,-0.042331
-0.0014606,-0.042443
-0.0014169,-0.042498
-0.0013565,-0.04252
-0.0012816,-0.042523
-0.0011962,-0.042479
-0.0011055,-0.042339
-0.0010176,-0.042088
-0.00094272,-0.041777
-0.00088515,-0.041514
-0.00083387,-0.041377
-0.00076563,-0.041357
-0.00066419,-0.041355
-0.00053914,-0.04127
-0.00042235,-0.041087
-0.00034201,-0.04088
-0.00029847,-0.040736
-0.00026518,-0.040678
-0.00021253,-0.040664
-0.00013109,-0.040652
-3.5816e-05,-0.040645
4.7951e-05,-0.040655
0.00010553,-0.040657
0.00014772,-0.040605
0.0002059,-0.040493
0.00030438,-0.040377
0.00043136,-0.040306
0.00054288,-0.040236
0.00060566,-0.040041
0.00063456,-0.039633
0.00067404,-0.039067
0.0007393,-0.038494
0.00079437,-0.038015
0.00080679,-0.037605
0.00081089,-0.037164
0.00088082,-0.036642
0.0010284,-0.03607
0.0011623,-0.035474
0.0011908,-0.034789
0.0011522,-0.033903
0.0011836,-0.032779
0.0013348,-0.031545
0.0014668,-0.030417
0.0014076,-0.029565
0.0011936,-0.029018
0.0010547,-0.028701
0.001109,-0.028517
0.0011584,-0.028393
0.00092228,-0.028269
0.00046599,-0.028089
0.00022123,-0.027826
0.00044781,-0.02751
0.00078156,-0.02721
0.00057276,-0.026943
-0.00022959,-0.026624
-0.00073954,-0.026117
3.0476e-05,-0.025368
0.0019487,-0.024479
0.0036038,-0.023628
0.0035794,-0.022899
0.0018701,-0.022212
-0.00010951,-0.021421
-0.00093698,-0.020491
-0.00047144,-0.019542
0.00029395,-0.018719
0.00046023,-0.018026
7.3171e-05,-0.017325
-0.00021417,-0.016481
-3.7373e-05,-0.015475
0.0003389,-0.014368
0.00048642,-0.013198
0.00035839,-0.011952
0.00025299,-0.01066
0.00036564,-0.0094438
0.00056235,-0.0084308
0.00061206,-0.0076082
0.00050331,-0.0068028
0.00043095,-0.0058272
0.00052093,-0.0046443
0.00067959,-0.0033848
0.00073897,-0.0022183
0.00067395,-0.0012202
0.00061157,-0.00034497
0.0006532,0.00051222
0.00075779,0.0014434
0.0008191,0.0024892
0.00080857,0.0036319
0.00079604,0.0048175
0.00084332,0.0060075
0.00092413,0.0072208
0.00096656,0.0085089
0.00094719,0.0098716
0.00091382,0.011201
0.00092232,0.012334
0.0009791,0.013179
0.0010528,0.013797
0.00112,0.01434
0.0011802,0.014924
0.001233,0.015574
0.0012666,0.016292
0.0012767,0.017133
0.0012813,0.018179
0.0013005,0.019408
0.0013222,0.020624
0.0013046,0.021573
0.0012184,0.022148
0.0010787,0.022493
0.00092793,0.022868
0.00079057,0.023412
0.00065604,0.024029
0.00050714,0.024518
0.00035373,0.024803
0.00022646,0.025022
0.00013927,0.025402
6.9846e-05,0.026062
-1.5243e-05,0.02693
-0.00012003,0.027848
-0.00021196,0.02873
-0.00025638,0.029611
-0.00025214,0.030553
-0.00022936,0.03155
-0.00021745,0.032525
-0.00022225,0.033413
-0.00023368,0.034236
-0.00024492,0.03506
-0.00025373,0.035917
-0.00024903,0.036764
-0.00021039,0.037541
-0.00013032,0.038261
-3.332e-05,0.038998
3.921e-05,0.039796
6.8333e-05,0.040601
7.7284e-05,0.041309
0.00010778,0.041902
0.00017671,0.042522
0.00025976,0.043358
0.00031969,0.044465
0.00034524,0.045695
0.00035829,0.046834
0.00038631,0.047808
0.00043352,0.048727
0.00048132,0.049748
0.00051276,0.05091
0.00053118,0.05213
0.00055487,0.053335
0.00059692,0.054531
0.00065294,0.055738
0.00070836,0.056911
0.00075352,0.057988
0.00078978,0.059013
0.00082319,0.06014
0.00085595,0.061444
0.00088592,0.062767
0.0009135,0.063803
0.00094577,0.064389
0.00099138,0.064669
0.0010517,0.064937
0.0011202,0.06533
0.0011918,0.06574
0.00127,0.066033
0.0013592,0.066279
0.001448,0.066678
0.0015063,0.067228
0.0015036,0.067552
0.0014343,0.067135
0.0013219,0.065768
0.0011982,0.063747
0.0010801,0.06162
0.00096773,0.059767
0.00085867,0.058213
0.0007566,0.056797
0.00066296,0.055441
0.00056906,0.054214
0.00046533,0.053202
0.00035741,0.052381
0.00026389,0.05164
0.00019289,0.050874
0.00012803,0.050033
4.7959e-05,0.049103
-4.0552e-05,0.048104
-0.00010095,0.047097
-0.00010599,0.046161
-7.164e-05,0.04531
-4.0141e-05,0.04446
-2.9757e-05,0.043523
-1.4727e-05,0.042527
3.7251e-05,0.041603
0.00011634,0.040807
0.00017395,0.039999
0.00017719,0.038952
0.00014625,0.037607
0.00012697,0.036174
0.00013489,0.034923
0.00014267,0.033886
0.00012352,0.032801
8.9366e-05,0.031395
7.3243e-05,0.029687
8.3288e-05,0.027985
9.3676e-05,0.026585
8.4271e-05,0.025514
7.1579e-05,0.024562
8.4514e-05,0.023545
0.00011706,0.022476
0.00012718,0.021491
9.1243e-05,0.020684
4.4109e-05,0.020044
4.628e-05,0.01953
0.00011185,0.019121
0.00018501,0.018767
0.00019766,0.018342
0.00014363,0.017735
8.3688e-05,0.016994
7.6977e-05,0.016342
0.00011952,0.015958
0.00015712,0.015744
0.00015133,0.015346
0.00012069,0.014454
0.00011525,0.013089
0.00015976,0.011594
0.00022922,0.010321
0.00027757,0.0093444
0.0002827,0.0084697
0.00026127,0.0074918
0.00024451,0.0064149
0.00024297,0.0054094
0.00023312,0.0045801
0.00017646,0.0038111
5.2565e-05,0.0028474
-0.00012203,0.0015203
-0.00030499,-0.00011221
-0.00046174,-0.0018253
-0.00059168,-0.0034014
-0.00072187,-0.004751
-0.00087463,-0.0059074
-0.0010421,-0.0069513
-0.0011937,-0.0079422
-0.0013076,-0.0088816
-0.0013902,-0.0097059
-0.0014647,-0.010324
-0.0015445,-0.010705
-0.0016237,-0.010962
-0.0016917,-0.011308
-0.0017499,-0.011904
-0.0018059,-0.012706
-0.0018554,-0.013506
-0.0018812,-0.014145
-0.0018726,-0.014667
-0.0018415,-0.015247
-0.0018106,-0.015971
-0.0017873,-0.016735
-0.0017576,-0.017386
-0.0017103,-0.017924
-0.0016596,-0.018512
-0.0016314,-0.01926
-0.001628,-0.020074
-0.001615,-0.020776
-0.001556,-0.021337
-0.0014566,-0.021927
-0.0013628,-0.022686
-0.0013118,-0.023505
-0.0012931,-0.024129
-0.0012634,-0.024459
-0.0011974,-0.024692
-0.0011127,-0.025092
-0.0010434,-0.025687
-0.00099837,-0.026244
-0.00095666,-0.026573
-0.00089887,-0.026762
-0.00083144,-0.027061
-0.00077296,-0.027567
-0.00072473,-0.028103
-0.00066715,-0.028425
-0.0005876,-0.028485
-0.0005029,-0.028437
-0.00044563,-0.028419
-0.00042896,-0.028408
-0.00043045,-0.028327
-0.00041207,-0.02825
-0.00035284,-0.028421
-0.00026057,-0.029037
-0.00015762,-0.030025
-6.2195e-05,-0.031052
1.7411e-05,-0.031779
7.8879e-05,-0.032107
0.00012361,-0.032192
0.00015605,-0.03227
0.000177,-0.032465
0.00017458,-0.032749
0.00012822,-0.033043
2.9116e-05,-0.033329
-0.00010377,-0.033661
-0.00023416,-0.034107
-0.00033838,-0.034687
-0.00042294,-0.03536
-0.00051065,-0.036048
-0.00061243,-0.036667
-0.00071711,-0.037159
-0.0008067,-0.037516
-0.0008746,-0.037786
-0.00092647,-0.038038
-0.00096897,-0.0383
-0.0010031,-0.038534
-0.001027,-0.038666
-0.0010392,-0.038653
-0.0010373,-0.038521
-0.0010177,-0.038351
-0.00097986,-0.038245
-0.00092909,-0.038273
-0.00087142,-0.038432
-0.00080838,-0.038627
-0.00074063,-0.038725
-0.00067597,-0.038661
-0.00062602,-0.038499
-0.00059034,-0.038387
-0.00054828,-0.038421
-0.00047479,-0.038564
-0.00036551,-0.038705
-0.00024195,-0.038788
-0.00013122,-0.038849
-4.4993e-05,-0.038931
1.9873e-05,-0.038976
6.7364e-05,-0.038863
9.9124e-05,-0.038558
0.00012396,-0.0382
0.00015878,-0.037985
0.0002121,-0.037958
0.00027135,-0.03795
0.00031635,-0.03773
0.00034711,-0.037256
0.00038988,-0.036727
0.00046884,-0.036404
0.00057521,-0.036358
0.00067233,-0.036411
0.00073194,-0.036312
0.00075937,-0.03596
0.00078117,-0.035465
0.00081456,-0.035027
0.00085658,-0.034785
0.0009003,-0.034764
0.00095117,-0.034929
0.0010213,-0.035227
0.0011115,-0.035578
0.0012057,-0.035867
0.0012858,-0.035986
0.0013452,-0.035927
0.0013869,-0.035804
0.0014114,-0.035768
0.0014125,-0.035882
0.0013829,-0.036073
0.0013211,-0.036224
0.00123,-0.036309
0.0011145,-0.036412
0.0009824,-0.036624
0.00084637,-0.036905
0.0007175,-0.037093
0.00059492,-0.037045
0.00046572,-0.036758
0.00032087,-0.036353
0.00017144,-0.035927
4.4597e-05,-0.035477
-4.0237e-05,-0.034946
-9.0895e-05,-0.034337
-0.00013676,-0.03372
-0.00020325,-0.03314
-0.00029201,-0.032552
-0.00038332,-0.031879
-0.00045231,-0.031117
-0.00048264,-0.030358
-0.00047154,-0.029692
-0.00042979,-0.029117
-0.00037817,-0.028563
-0.00033782,-0.027985
-0.00031658,-0.027404
-0.00030311,-0.026856
-0.00027815,-0.026319
-0.00023337,-0.025723
-0.00017834,-0.025018
-0.00012986,-0.024221
-9.8822e-05,-0.023392
-8.8038e-05,-0.02258
-9.5226e-05,-0.021808
-0.00010921,-0.021076
-0.00010526,-0.020349
-5.8626e-05,-0.019557
2.6389e-05,-0.018633
0.00010636,-0.017563
0.0001324,-0.016396
0.00010064,-0.015196
6.2516e-05,-0.013993
7.5845e-05,-0.012802
0.00014675,-0.011663
0.00022771,-0.010627
0.00027282,-0.0096714
0.00028426,-0.0086628
0.00029697,-0.0074504
0.00032668,-0.0060201
0.00035066,-0.0045501
0.00034602,-0.0032935
0.0003331,-0.0024027
0.00036301,-0.0018556
0.00045954,-0.0015265
0.0005864,-0.0012945
0.00068285,-0.0010762
0.00072773,-0.00078561
0.0007568,-0.00031029
0.0008142,0.0004411
0.00089614,0.0014599
0.00095157,0.0026146
0.00093515,0.0037143
0.00084932,0.0046145
0.0007316,0.0052874
0.00061049,0.0058048
0.00048463,0.0062587
0.00034299,0.0066941
0.00019263,0.007106
5.7505e-05,0.0074856
-4.6151e-05,0.0078559
-0.00012358,0.0082547
-0.000189,0.0086969
-0.00024699,0.0091754
-0.00029199,0.0096998
-0.00032231,0.010313
-0.00034607,0.011053
-0.00037094,0.011919
-0.00039324,0.012879
-0.0004024,0.013917
-0.0003946,0.015033
-0.000377,0.016176
-0.00035777,0.017214
-0.00033591,0.018022
-0.00030376,0.018616
-0.00025747,0.019175
-0.00020159,0.019876
-0.00014369,0.020727
-8.7697e-05,0.021577
-3.3063e-05,0.022314
2.2258e-05,0.023003
7.9982e-05,0.023816
0.0001407,0.02482
0.00020233,0.0259
0.00025998,0.026886
0.00030971,0.027754
0.00035278,0.028652
0.00039417,0.029754
0.0004366,0.031098
0.00047911,0.032582
0.00052287,0.034078
0.0005749,0.035515
0.00064135,0.036869
0.00071715,0.038125
0.00078737,0.03927
0.00084201,0.04033
0.0008864,0.041354
0.000933,0.04239
0.00098442,0.043468
0.0010305,0.044634
0.0010641,0.045935
0.0010952,0.047342
0.0011441,0.048676
0.0012201,0.049682
0.0013105,0.050212
0.0013946,0.050376
0.0014634,0.05046
0.0015238,0.050707
0.0015844,0.051167
0.0016412,0.051767
0.0016804,0.05248
0.0016898,0.053383
0.0016675,0.054528
0.0016178,0.055804
0.0015456,0.056964
0.0014553,0.057804
0.0013518,0.058289
0.0012379,0.05851
0.001112,0.058558
0.00097094,0.058496
0.00082007,0.058421
0.00067584,0.058493
0.00055414,0.058828
0.00045475,0.059371
0.00036131,0.059936
0.00026036,0.06039
0.00015885,0.060783
7.825e-05,0.061229
3.0261e-05,0.061672
3.0366e-06,0.061813
-2.3866e-05,0.061337
-5.3335e-05,0.06021
-6.7118e-05,0.05873
-5.1502e-05,0.057251
-2.0328e-05,0.055885
-3.6002e-06,0.054504
-1.266e-05,0.05299
-2.5056e-05,0.051445
-1.0111e-05,0.050105
3.5037e-05,0.049074
8.374e-05,0.048197
0.00011439,0.047216
0.00013669,0.046036
0.00017576,0.044796
0.00023438,0.043695
0.0002825,0.042803
0.00028856,0.042048
0.00025504,0.041351
0.00021601,0.040716
0.00020098,0.040164
0.00020751,0.039638
0.00021029,0.039037
0.00019087,0.038343
0.00015376,0.037657
0.00011696,0.037073
9.4121e-05,0.036533
8.7224e-05,0.035864
9.0236e-05,0.034981
9.3645e-05,0.034007
8.6028e-05,0.033141
5.7726e-05,0.03242
8.4321e-06,0.031666
-4.8794e-05,0.030695
-9.408e-05,0.029527
-0.00011387,0.028318
-0.0001092,0.027109
-9.1953e-05,0.025733
-7.3455e-05,0.024027
-5.6224e-05,0.022118
-3.6442e-05,0.020394
-1.3777e-05,0.019159
1.8298e-06,0.018331
-6.3696e-06,0.017557
-5.1123e-05,0.016598
-0.00013346,0.015546
-0.00024507,0.014634
-0.00037675,0.013885
-0.00052283,0.013036
-0.00067861,0.011816
-0.0008374,0.01025
-0.00099374,0.0086432
-0.0011492,0.0072859
-0.0013105,0.0062182
-0.0014784,0.005281
-0.0016386,0.0043365
-0.0017683,0.0033955
-0.0018558,0.0025514
-0.0019141,0.0018521
-0.0019723,0.001256
-0.0020507,0.00067867
-0.0021426,4.3687e-05
-0.0022205,-0.00070262
-0.00226,-0.001584
-0.0022586,-0.0025797
-0.0022321,-0.0036297
-0.0021972,-0.0046774
-0.0021596,-0.0057085
-0.00212,-0.0067422
-0.0020823,-0.0077861
-0.0020525,-0.0088133
-0.0020283,-0.0097815
-0.0019973,-0.010665
-0.0019485,-0.011458
-0.0018831,-0.012162
-0.0018099,-0.012783
-0.0017335,-0.013352
-0.0016549,-0.013925
-0.0015839,-0.014538
-0.0015398,-0.015161
-0.0015281,-0.015704
-0.0015213,-0.016087
-0.0014764,-0.016313
-0.0013806,-0.01646
-0.0012708,-0.016608
-0.0011975,-0.016785
-0.0011706,-0.016973
-0.0011512,-0.017168
-0.0011008,-0.017405
-0.0010255,-0.017715
-0.00096123,-0.018069
-0.00092057,-0.018374
-0.00087421,-0.018546
-0.0007927,-0.018589
-0.00069399,-0.018615
-0.00062996,-0.018782
-0.00062199,-0.019173
-0.0006242,-0.019733
-0.00056469,-0.020327
-0.00042216,-0.020879
-0.00025091,-0.021468
-0.00012598,-0.022251
-7.0485e-05,-0.023257
-4.3909e-05,-0.024262
3.3065e-06,-0.024925
7.5598e-05,-0.025084
0.00013518,-0.024954
0.00014732,-0.024978
0.00011073,-0.025463
4.4972e-05,-0.02634
-3.7339e-05,-0.027273
-0.00013525,-0.028004
-0.00024218,-0.028576
-0.00033939,-0.02922
-0.00041417,-0.030062
-0.00047802,-0.030959
-0.00055576,-0.031638
-0.00065422,-0.031956
-0.00074841,-0.032012
-0.0008051,-0.032017
-0.00081862,-0.032094
-0.00081749,-0.032206
-0.00083301,-0.03227
-0.00086457,-0.032284
-0.0008794,-0.032346
-0.00084677,-0.032561
-0.00077014,-0.032949
-0.00068421,-0.033427
-0.00062199,-0.033867
-0.00058612,-0.034179
-0.00055152,-0.034358
-0.000493,-0.034486
-0.00040849,-0.034655
-0.00031656,-0.034876
-0.00023511,-0.035052
-0.00016525,-0.035071
-9.5762e-05,-0.034929
-1.9421e-05,-0.034759
5.8562e-05,-0.034717
0.00012868,-0.034827
0.0001907,-0.034973
0.00025571,-0.035021
0.00033344,-0.034957
0.00041929,-0.034878
0.00049638,-0.03486
0.00055068,-0.034872
0.00058315,-0.034817
0.00060732,-0.034639
0.00063787,-0.034367
0.00068352,-0.034062
0.00074789,-0.033755
0.00083034,-0.03345
0.00092135,-0.033158
0.0010005,-0.032904
0.001048,-0.032684
0.0010625,-0.032457
0.0010672,-0.032202
0.0010913,-0.031986
0.0011463,-0.031958
0.0012209,-0.032239
0.0012975,-0.032793
0.0013696,-0.033413
0.0014397,-0.033838
0.0015064,-0.033922
0.0015585,-0.033728
0.0015847,-0.033457
0.0015847,-0.033291
0.0015655,-0.033269
0.001529,-0.033314
0.0014674,-0.033369
0.0013748,-0.033502
0.001259,-0.033859
0.0011375,-0.034504
0.0010207,-0.035309
0.00090435,-0.03602
0.00077922,-0.036476
0.00064713,-0.036731
0.00052118,-0.036977
0.00041053,-0.03732
0.00031026,-0.037667
0.00021022,-0.037831
0.00011098,-0.037736
2.5765e-05,-0.037499
-3.4611e-05,-0.037299
-7.3919e-05,-0.0372
-0.00010363,-0.03714
-0.000126,-0.03707
-0.00013015,-0.037051
-0.00010714,-0.037172
-6.5289e-05,-0.037372
-2.6156e-05,-0.037421
-5.4678e-06,-0.037125
-9.8695e-07,-0.036529
4.1738e-07,-0.035867
7.2989e-06,-0.035295
1.8166e-05,-0.034717
2.9239e-05,-0.033929
4.2814e-05,-0.032913
6.6114e-05,-0.0319
0.00010396,-0.031128
0.00015462,-0.030561
0.00021168,-0.029941
0.00026682,-0.029098
0.00031057,-0.028151
0.00033427,-0.027339
0.00033604,-0.026694
0.00032589,-0.025966
0.00032167,-0.024919
0.00033581,-0.02362
0.00036396,-0.022393
0.0003874,-0.021466
0.00038825,-0.020728
0.00036307,-0.019875
0.00032312,-0.018751
0.00028432,-0.017488
0.00025982,-0.016319
0.00026088,-0.015326
0.00029833,-0.014413
0.00037501,-0.013515
0.00047472,-0.012728
0.00056478,-0.01217
0.00061791,-0.011753
0.00063474,-0.011162
0.00064137,-0.010122
0.00066103,-0.0086676
0.00068881,-0.0071137
0.00069628,-0.005762
0.00066046,-0.0046613
0.00058575,-0.0036689
0.00049656,-0.002702
0.00041185,-0.0018705
0.0003303,-0.0013484
0.00023979,-0.0011478
0.00013771,-0.0010574
3.8498e-05,-0.00080977
-3.9306e-05,-0.00029868
-9.2327e-05,0.00036495
-0.0001377,0.00099613
-0.00019781,0.0015266
-0.00027792,0.0020669
-0.00035808,0.0027935
-0.00040914,0.0037688
-0.00041948,0.0048574
-0.00040665,0.0058209
-0.00040002,0.0065117
-0.00040995,0.006992
-0.00041573,0.007465
-0.00038668,0.0080873
-0.00031545,0.008843
-0.00022703,0.0095935
-0.00015319,0.010232
-0.00010051,0.010782
-4.7142e-05,0.011352
3.0085e-05,0.012035
0.00013067,0.012866
0.00023393,0.013838
0.00032252,0.014939
0.00039706,0.016121
0.00046903,0.01729
0.00054621,0.01835
0.00062806,0.019276
0.00071025,0.020133
0.00078842,0.021002
0.00085867,0.021921
0.00092022,0.022891
0.00097984,0.023918
0.00105,0.025013
0.0011375,0.026135
0.001234,0.027184
0.0013209,0.028079
0.0013846,0.028853
0.0014262,0.029638
0.0014563,0.030545
0.0014859,0.031555
0.0015234,0.032541
0.0015771,0.033381
0.0016526,0.034036
0.0017433,0.034522
0.0018281,0.034851
0.0018854,0.035021
0.0019143,0.035083
0.0019404,0.035194
0.0019966,0.035567
0.0020919,0.036348
0.0021978,0.037505
0.0022656,0.038839
0.0022599,0.040087
0.0021815,0.041063
0.002061,0.041733
0.0019322,0.042178
0.0018091,0.042502
0.0016843,0.042737
0.0015455,0.042842
0.0013936,0.042789
0.0012449,0.04268
0.001117,0.042746
0.0010142,0.043193
0.00092448,0.044011
0.00083294,0.044959
0.00074131,0.045787
0.00066316,0.046474
0.00060231,0.047206
0.00055214,0.048128
0.00050733,0.049132
0.00046371,0.049919
0.00041723,0.0503
0.00036687,0.050397
0.00031654,0.050492
0.00027804,0.050716
0.00026769,0.050938
0.00029228,0.050984
0.00033708,0.050905
0.00037185,0.050963
0.00037568,0.051364
0.00035714,0.052045
0.00034503,0.052767
0.0003571,0.053369
0.00038039,0.053887
0.00038599,0.054414
0.00036231,0.054906
0.00032823,0.055181
0.000311,0.055102
0.00031633,0.0547
0.00032579,0.05411
0.00032224,0.053408
0.00031024,0.052561
0.00030651,0.051541
0.0003146,0.050441
0.00031786,0.049454
0.00030151,0.048724
0.00027622,0.048239
0.00027159,0.04787
0.00030365,0.047487
0.00035254,0.047032
0.00037729,0.046469
0.00035474,0.045722
0.00030375,0.044683
0.00026985,0.043307
0.00028436,0.041687
0.0003362,0.040017
0.00038209,0.038462
0.00038506,0.037078
0.00034534,0.035855
0.0002955,0.034805
0.00026584,0.033972
0.00025354,0.033345
0.00022444,0.032789
0.00014444,0.032106
8.5711e-06,0.031154
-0.00016038,0.029911
-0.00033822,0.028415
-0.00051995,0.026704
-0.00071386,0.024835
-0.00092081,0.02295
-0.0011254,0.021231
-0.0013099,0.019766
-0.0014722,0.01846
-0.0016258,0.017129
-0.0017825,0.015694
-0.0019384,0.014264
-0.002079,0.01301
-0.0021955,0.011987
-0.0022911,0.011083
-0.0023722,0.010139
-0.0024378,0.0090796
-0.0024805,0.0079279
-0.0024968,0.0067329
-0.0024942,0.0055187
-0.0024868,0.0043066
-0.0024825,0.0031485
-0.0024762,0.0021045
-0.0024564,0.0011799
-0.0024195,0.00030871
-0.0023779,-0.00058596
-0.0023525,-0.001518
-0.0023526,-0.0024322
-0.002363,-0.0032692
-0.0023511,-0.0040212
-0.0022937,-0.0047171
-0.0022014,-0.0053689
-0.0021148,-0.0059538
-0.0020726,-0.006454
-0.0020765,-0.0068936
-0.0020895,-0.007317
-0.0020683,-0.0077326
-0.0020017,-0.0081012
-0.0019153,-0.0083923
-0.0018414,-0.0086394
-0.0017865,-0.0089218
-0.0017328,-0.0092894
-0.0016652,-0.0097171
-0.0015919,-0.010137
-0.0015327,-0.010506
-0.0014948,-0.010821
-0.0014643,-0.011105
-0.0014239,-0.011382
-0.0013693,-0.011701
-0.0013063,-0.012156
-0.0012357,-0.012846
-0.001149,-0.013785
-0.0010426,-0.014848
-0.00093078,-0.015834
-0.00083557,-0.016589
-0.00076411,-0.017092
-0.00070351,-0.017427
-0.00064127,-0.017687
-0.00058753,-0.017922
-0.00057137,-0.018172
-0.00061182,-0.018516
-0.00069505,-0.01905
-0.00078474,-0.019812
-0.00085495,-0.020724
-0.00091041,-0.021653
-0.00097533,-0.022529
-0.0010652,-0.023395
-0.0011702,-0.02432
-0.001265,-0.025258
-0.0013313,-0.026029
-0.0013719,-0.026468
-0.0014054,-0.026591
-0.0014464,-0.026617
-0.0014922,-0.026787
-0.001526,-0.027168
-0.0015342,-0.027623
-0.0015195,-0.027973
-0.0014967,-0.028179
-0.0014755,-0.028371
-0.0014479,-0.028715
-0.0013952,-0.029255
-0.0013085,-0.029878
-0.0012003,-0.030406
-0.0010966,-0.030723
-0.0010151,-0.030846
-0.00095217,-0.030892
-0.00089033,-0.030993
-0.00081685,-0.031196
-0.00073371,-0.03144
-0.00065045,-0.031619
-0.00057098,-0.031683
-0.00049176,-0.031675
-0.00041271,-0.031671
-0.00034406,-0.031683
-0.00029566,-0.031664
-0.00026016,-0.031602
-0.00021448,-0.031573
-0.00014388,-0.03167
-6.1405e-05,-0.031863
5.461e-06,-0.031976
4.9218e-05,-0.031842
9.4231e-05,-0.031463
0.0001663,-0.031007
0.000255,-0.030624
0.00031903,-0.030325
0.00033398,-0.030025
0.00032536,-0.029711
0.0003441,-0.029499
0.0004124,-0.029518
0.00050464,-0.029766
0.00058346,-0.030104
0.00064227,-0.030378
0.00070146,-0.030518
0.00076999,-0.030531
0.00082739,-0.030438
0.00084907,-0.030259
0.00083743,-0.030038
0.00081529,-0.02985
0.00079185,-0.029761
0.00074888,-0.029798
0.00066577,-0.029962
0.00054904,-0.030258
0.00042679,-0.030673
0.00031742,-0.031144
0.00021478,-0.031574
0.00010699,-0.031913
-5.4396e-07,-0.03221
-9.1498e-05,-0.032544
-0.00016512,-0.032916
-0.00024424,-0.033228
-0.00035061,-0.033383
-0.00047633,-0.033402
-0.00058644,-0.033401
-0.00065104,-0.033455
-0.00067084,-0.03351
-0.00066976,-0.033448
-0.00066763,-0.033239
-0.00066488,-0.032996
-0.00065136,-0.032876
-0.00062252,-0.032916
-0.00058239,-0.032997
-0.00053444,-0.032971
-0.00047672,-0.032815
-0.00040879,-0.032644
-0.00033934,-0.032572
-0.00028164,-0.032579
-0.00024015,-0.032531
-0.00020484,-0.032328
-0.00016138,-0.032003
-0.000106,-0.031675
-4.8185e-05,-0.03143
1.0166e-06,-0.031262
3.9949e-05,-0.031135
7.4724e-05,-0.031029
0.00011008,-0.030922
0.0001464,-0.030745
0.0001857,-0.03044
0.00023559,-0.030071
0.00030321,-0.029833
0.00038559,-0.029864
0.00046912,-0.030051
0.0005392,-0.030057
0.00058918,-0.029603
0.00062046,-0.028727
0.00063752,-0.027739
0.00064629,-0.026934
0.0006563,-0.026369
0.00068009,-0.025905
0.0007273,-0.025409
0.00079866,-0.024856
0.00088564,-0.024264
0.00097495,-0.023589
0.0010535,-0.022763
0.0011115,-0.021796
0.0011446,-0.020795
0.0011529,-0.019864
0.0011354,-0.019022
0.0010844,-0.018248
0.00098994,-0.017574
0.00085431,-0.017089
0.00070257,-0.016814
0.00057192,-0.016639
0.00048456,-0.016398
0.00043028,-0.016038
0.00037911,-0.015645
0.00031179,-0.01531
0.00023604,-0.014991
0.00017325,-0.014564
0.00013194,-0.013998
9.9342e-05,-0.013421
5.979e-05,-0.012965
1.5712e-05,-0.012571
-1.3927e-05,-0.012019
-1.4199e-05,-0.011188
1.0943e-05,-0.010233
4.5518e-05,-0.0094668
8.0359e-05,-0.0090281
0.00012245,-0.008719
0.00018551,-0.0081963
0.0002725,-0.0073114
0.00036885,-0.0062381
0.00045423,-0.0052661
0.00052159,-0.0045029
0.00058362,-0.003803
0.00065862,-0.0029622
0.00075068,-0.0019302
0.00084686,-0.00081697
0.00093502,0.00027443
0.0010194,0.0013654
0.0011122,0.0025305
0.001211,0.0037491
0.0012953,0.0048793
0.0013525,0.0057988
0.0013988,0.0065527
0.0014616,0.0073239
0.0015415,0.0082435
0.0016105,0.009257
0.0016574,0.010201
0.001717,0.011004
0.0018263,0.011776
0.0019562,0.012698
0.0020255,0.013838
0.0020088,0.015113
0.0019984,0.016381
0.0021055,0.017505
0.0022967,0.018322
0.0023934,0.018674
0.0022935,0.018595
0.0021652,0.018476
0.0023286,0.01888
0.002892,0.020065
0.0035481,0.021672
0.0038134,0.022994
0.0034989,0.023624
0.0028991,0.023814
0.0024839,0.02414
0.0024404,0.02488
0.0025575,0.02579
0.0025285,0.026464
0.0022898,0.026794
0.0020268,0.027015
0.0019057,0.027357
0.0018884,0.027795
0.0018255,0.028167
0.0016634,0.028438
0.0014932,0.028739
0.0014101,0.029186
0.0013897,0.029743
0.0013339,0.030317
0.001207,0.030901
0.0010788,0.031548
0.0010299,0.032235
0.0010532,0.032836
0.0010726,0.033268
0.001042,0.033604
0.0009933,0.033993
0.00098243,0.034484
0.001014,0.034986
0.0010411,0.035406
0.0010308,0.035771
0.0010044,0.036176
0.0010058,0.036656
0.0010436,0.03715
0.0010835,0.037604
0.0010949,0.038055
0.0010854,0.038605
0.0010839,0.03932
0.0010996,0.040191
0.0011129,0.041177
0.0011063,0.042239
0.0010884,0.043322
0.00108,0.044348
0.0010825,0.045265
0.0010758,0.046095
0.0010458,0.046913
0.001007,0.047747
0.00098892,0.048529
0.0010041,0.049172
0.0010333,0.049689
0.0010441,0.050217
0.001018,0.050922
0.00096118,0.051858
0.00089358,0.05292
0.00083551,0.053905
0.00080135,0.054606
0.00079797,0.054911
0.00082138,0.054853
0.00085549,0.054614
0.00087999,0.054439
0.00088385,0.05451
0.00087248,0.054854
0.00086117,0.055359
0.00085872,0.055854
0.00085502,0.056164
0.00082439,0.056121
0.00074291,0.055572
0.00060663,0.054433
0.00043543,0.052763
0.00025851,0.050767
9.4754e-05,0.048718
-5.5051e-05,0.046836
-0.00019956,0.04523
-0.00034325,0.043892
-0.00048226,0.042747
-0.00061076,0.041702
-0.00072758,0.040697
-0.00083565,0.039715
-0.00093632,0.038762
-0.0010275,0.037826
-0.0011074,0.036865
-0.0011775,0.03585
-0.0012386,0.034791
-0.0012903,0.033719
-0.0013346,0.032627
-0.0013801,0.031454
-0.0014332,0.030144
-0.0014841,0.028733
-0.0015084,0.027347
-0.0014924,0.0261
-0.0014559,0.024999
-0.0014418,0.02395
-0.0014762,0.022867
-0.0015411,0.021751
-0.001593,0.02066
-0.001606,0.019627
-0.0015934,0.01862
-0.0015838,0.017587
-0.0015861,0.01653
-0.0015857,0.015498
-0.0015701,0.014515
-0.0015487,0.013541
-0.0015403,0.01252
-0.0015488,0.011469
-0.0015595,0.010496
-0.0015591,0.0096963
-0.0015484,0.0090325
-0.0015323,0.0083569
-0.0015053,0.0075739
-0.0014597,0.0067767
-0.001408,0.006183
-0.0013838,0.0059068
-0.0014069,0.0058084
-0.0014504,0.005597
-0.0014543,0.0050857
-0.0013815,0.0043195
-0.0012573,0.0034472
-0.0011454,0.0025204
-0.0010854,0.0014815
-0.0010595,0.0003442
-0.0010223,-0.00069016
-0.00095496,-0.0013769
-0.00088125,-0.0016913
-0.00083546,-0.0018856
-0.0008283,-0.002247
-0.00085065,-0.0028286
-0.0009001,-0.0034707
-0.0009874,-0.0040779
-0.0011133,-0.0047975
-0.001252,-0.0058686
-0.001369,-0.0073143
-0.0014537,-0.008854
-0.0015249,-0.010159
-0.0016024,-0.01116
-0.0016836,-0.012054
-0.001753,-0.013028
-0.0018077,-0.01403
-0.0018604,-0.014848
-0.001917,-0.01538
-0.0019642,-0.015763
-0.0019864,-0.016221
-0.0019884,-0.01683
-0.0019888,-0.017471
-0.0019912,-0.018011
-0.0019745,-0.018454
-0.0019191,-0.01891
-0.0018356,-0.019426
-0.0017556,-0.019931
-0.001696,-0.020341
-0.0016433,-0.020697
-0.0015787,-0.021129
-0.0015083,-0.021691
-0.0014549,-0.022269
-0.0014204,-0.022688
-0.0013741,-0.022901
-0.0012868,-0.023027
-0.0011717,-0.023208
-0.0010759,-0.023461
-0.001029,-0.023694
-0.0010097,-0.023862
-0.0009739,-0.024043
-0.00090855,-0.02435
-0.00084439,-0.024791
-0.00081165,-0.025246
-0.00079602,-0.025595
-0.00075158,-0.025833
-0.0006556,-0.026049
-0.00053799,-0.026303
-0.00045019,-0.026547
-0.00041249,-0.026681
-0.00040101,-0.02666
-0.00038304,-0.026539
-0.00035172,-0.026428
-0.00032023,-0.026427
-0.00029259,-0.026596
-0.00025428,-0.026953
-0.00019281,-0.027455
-0.00011567,-0.027983
-4.0853e-05,-0.028376
2.4235e-05,-0.028524
8.434e-05,-0.028452
0.00013733,-0.028295
0.00016428,-0.028177
0.00014544,-0.02813
8.1099e-05,-0.028139
-1.0603e-05,-0.028238
-0.00011434,-0.028529
-0.00022766,-0.02907
-0.00034975,-0.029766
-0.00047046,-0.03043
-0.00057901,-0.030963
-0.00067942,-0.031436
-0.00078701,-0.031963
-0.00090773,-0.032515
-0.0010292,-0.032921
-0.0011371,-0.033076
-0.0012333,-0.033106
-0.0013279,-0.033258
-0.0014159,-0.033623
-0.0014738,-0.034016
-0.0014865,-0.034178
-0.0014709,-0.034076
-0.0014612,-0.033948
-0.0014721,-0.034037
-0.001483,-0.034327
-0.0014634,-0.034562
-0.0014072,-0.034537
-0.0013361,-0.034299
-0.0012731,-0.034063
-0.001222,-0.033954
-0.0011745,-0.033892
-0.0011278,-0.033718
-0.001088,-0.033393
-0.0010557,-0.033036
-0.0010188,-0.032776
-0.00096329,-0.032626
-0.00089144,-0.032516
-0.00082154,-0.032411
-0.00077122,-0.032342
-0.00074163,-0.032333
-0.00071826,-0.032328
-0.00068478,-0.032233
-0.00063382,-0.032026
-0.00056693,-0.031794
-0.00049021,-0.031641
-0.00041119,-0.031578
-0.00033701,-0.031508
-0.00027333,-0.03132
-0.00022324,-0.030992
-0.00018592,-0.030594
-0.00015529,-0.030234
-0.00011946,-0.030003
-6.507e-05,-0.029964
1.3242e-05,-0.030124
0.00010646,-0.030417
0.0001969,-0.030707
0.00027383,-0.030873
0.00034294,-0.030876
0.00041697,-0.030765
0.00049633,-0.030586
0.0005622,-0.030318
0.00059284,-0.029928
0.00058595,-0.029469
0.00055907,-0.029098
0.00052581,-0.028973
0.00047625,-0.029125
0.00038774,-0.029465
0.00025675,-0.029894
0.00011375,-0.030384
-6.2467e-07,-0.030942
-7.3305e-05,-0.031518
-0.00012822,-0.031998
-0.00019738,-0.032284
-0.00028688,-0.032358
-0.00037427,-0.032249
-0.0004353,-0.03196
-0.00046651,-0.031464
-0.00048055,-0.030772
-0.00048661,-0.029973
-0.00048189,-0.029182
-0.00046093,-0.02847
-0.00042644,-0.027849
-0.00038703,-0.027312
-0.00034707,-0.026854
-0.00030229,-0.026422
-0.00024454,-0.025901
-0.00016884,-0.025193
-7.7582e-05,-0.024311
1.8762e-05,-0.023392
0.00010585,-0.022573
0.00017589,-0.021859
0.00023751,-0.021123
0.00031115,-0.020223
0.00040806,-0.019128
0.00051356,-0.017951
0.0005983,-0.016862
0.00065007,-0.015974
0.00069046,-0.015272
0.00075349,-0.014617
0.00084834,-0.013861
0.00095035,-0.012963
0.0010314,-0.012027
0.0010922,-0.011196
0.0011569,-0.010507
0.0012386,-0.0098228
0.0013213,-0.0089415
0.001381,-0.0077697
0.0014185,-0.0064046
0.0014607,-0.00506
0.0015306,-0.0039143
0.0016244,-0.0030208
0.0017225,-0.0023307
0.0018154,-0.0017704
0.0019094,-0.001288
0.0020074,-0.00083684
0.0020974,-0.00033875
0.0021658,0.00031289
0.0022181,0.0011962
0.0022717,0.0022894
0.002326,0.0034419
0.0023486,0.0044295
0.0023024,0.0050793
0.002186,0.0053871
0.0020412,0.0055245
0.0019141,0.0057069
0.0018144,0.0060222
0.0017176,0.0063772
0.0016037,0.0066302
0.0014859,0.0067895
0.0013949,0.0070635
0.0013426,0.0076797
0.0013085,0.008643
0.0012632,0.0097009
0.0011973,0.010579
0.0011239,0.011248
0.0010582,0.01193
0.0010046,0.01282
0.00096381,0.013848
0.00094329,0.014758
0.00095216,0.015416
0.00098708,0.015968
0.0010312,0.016649
0.0010702,0.017481
0.0011053,0.018252
0.0011474,0.018812
0.0012013,0.019321
0.0012606,0.020103
0.0013164,0.021255
0.0013657,0.02248
0.0014074,0.023387
0.0014373,0.023919
0.0014528,0.024404
0.001462,0.02518
0.0014816,0.026222
0.0015185,0.027201
0.0015585,0.027884
0.001578,0.028378
0.0015711,0.028977
0.0015601,0.029822
0.0015759,0.0308
0.0016257,0.031746
0.0016841,0.032662
0.0017167,0.033686
0.001712,0.034879
0.0016874,0.036128
0.001667,0.037274
0.0016587,0.038266
0.0016554,0.039163
0.0016558,0.039995
0.0016729,0.040679
0.001718,0.041107
0.0017787,0.041278
0.0018233,0.041345
0.0018322,0.041531
0.0018209,0.042022
0.001823,0.042887
0.0018482,0.044052
0.0018601,0.045295
0.0018047,0.046319
0.001662,0.04691
0.0014678,0.04707
0.0012812,0.047
0.0011331,0.046921
0.0010058,0.046907
0.00086376,0.046889
0.00069688,0.046809
0.00053298,0.046745
0.00040644,0.046843
0.00031916,0.047144
0.00023593,0.047526
0.00012019,0.047846
-2.6092e-05,0.048132
-0.00016014,0.04857
-0.00023774,0.049277
-0.00025577,0.050103
-0.00025482,0.050726
-0.00027872,0.050969
-0.00033206,0.051002
-0.00037929,0.051186
-0.00038574,0.051708
-0.00035565,0.052388
-0.00032652,0.052881
-0.00032772,0.053027
-0.0003502,0.052975
-0.00035954,0.052958
-0.00033469,0.053013
-0.00028811,0.05294
-0.00024858,0.05253
-0.00023014,0.051766
-0.00022193,0.050807
-0.00020552,0.049806
-0.00017588,0.048816
-0.00014313,0.047836
-0.00011746,0.046901
-9.676e-05,0.046076
-6.9117e-05,0.045369
-2.458e-05,0.044699
3.6224e-05,0.043979
0.00010224,0.043193
0.00015918,0.042383
0.00019904,0.041559
0.00022505,0.040663
0.00024716,0.039669
0.00027045,0.038667
0.00028912,0.037822
0.00029551,0.037193
0.00029583,0.036624
0.00031135,0.03585
0.00035776,0.034733
0.00042496,0.033388
0.00048464,0.032085
0.00052014,0.031031
0.0005417,0.030259
0.0005656,0.029668
0.00058197,0.029117
0.00055473,0.028459
0.00046005,0.027553
0.00031845,0.026324
0.00017854,0.024825
6.8325e-05,0.023226
-3.0335e-05,0.021679
-0.0001556,0.020198
-0.00032024,0.018687
-0.00049855,0.01708
-0.0006551,0.015444
-0.0007774,0.01392
-0.00087848,0.012594
-0.0009754,0.011431
-0.0010732,0.010344
-0.0011674,0.0092933
-0.001252,0.0082965
-0.0013222,0.0073625
-0.0013732,0.0064333
-0.0014044,0.0054149
-0.0014242,0.0042649
-0.0014465,0.0030425
-0.001478,0.0018713
-0.0015091,0.00085212
-0.0015188,3.2597e-06
-0.0014895,-0.00072744
-0.0014195,-0.0014035
-0.0013273,-0.0020513
-0.0012434,-0.0026607
-0.0011933,-0.0032223
-0.0011799,-0.0037521
-0.0011799,-0.0042796
-0.0011621,-0.0048237
-0.0011148,-0.0053902
-0.0010572,-0.0059888
-0.0010204,-0.0066294
-0.0010153,-0.0072889
-0.0010196,-0.0078961
-0.00099862,-0.0083865
-0.00093751,-0.008783
-0.00085411,-0.0091959
-0.00078066,-0.009712
-0.00073571,-0.010286
-0.00071281,-0.01078
-0.00069203,-0.011128
-0.00065783,-0.01143
-0.00060722,-0.011848
-0.00054736,-0.012408
-0.00049082,-0.012953
-0.00045207,-0.013326
-0.00044043,-0.013557
-0.00044988,-0.013856
-0.00045576,-0.014406
-0.00042756,-0.015206
-0.00035206,-0.016126
-0.00024706,-0.017055
-0.00015014,-0.01795
-9.0602e-05,-0.018745
-7.0049e-05,-0.019315
-6.9077e-05,-0.019579
-7.151e-05,-0.019637
-8.1466e-05,-0.01972
-0.00011756,-0.019993
-0.00019225,-0.020435
-0.00029847,-0.020931
-0.00041671,-0.021454
-0.00053424,-0.022099
-0.00065592,-0.022938
-0.00079539,-0.023895
-0.00095524,-0.024812
-0.0011172,-0.025603
-0.0012542,-0.026307
-0.0013533,-0.026991
-0.0014255,-0.027649
-0.0014921,-0.028212
-0.0015625,-0.028638
-0.0016287,-0.028946
-0.0016794,-0.029181
-0.0017144,-0.02939
-0.0017416,-0.029649
-0.001764,-0.030061
-0.0017767,-0.030662
-0.0017767,-0.03133
-0.0017703,-0.031846
-0.0017645,-0.032099
-0.0017533,-0.03221
-0.0017206,-0.032426
-0.0016593,-0.032869
-0.0015822,-0.033407
-0.0015102,-0.033798
-0.001451,-0.033925
-0.0013969,-0.033866
-0.0013431,-0.03377
-0.0013017,-0.033697
-0.0012882,-0.033607
-0.0012981,-0.033466
-0.0013032,-0.033314
-0.0012765,-0.033212
-0.0012181,-0.033157
-0.0011542,-0.033075
-0.0011097,-0.032906
-0.0010859,-0.03267
-0.0010626,-0.032458
-0.00102,-0.032367
-0.00095532,-0.032428
-0.00088167,-0.032578
-0.00081518,-0.032682
-0.0007645,-0.032604
-0.00072986,-0.032299
-0.00070769,-0.031865
-0.00069313,-0.03149
-0.00067744,-0.031344
-0.00064564,-0.03148
-0.0005824,-0.031833
-0.00048576,-0.032273
-0.00037512,-0.032663
-0.00028074,-0.032889
-0.00022012,-0.032891
-0.0001845,-0.032686
-0.00015155,-0.032376
-0.00011228,-0.032085
-8.3651e-05,-0.031901
-9.339e-05,-0.03185
-0.00015389,-0.03193
-0.0002519,-0.032129
-0.00036139,-0.032411
-0.0004638,-0.032715
-0.00055709,-0.032992
-0.00064965,-0.033262
-0.00074705,-0.033586
-0.0008429,-0.033969
-0.00092185,-0.034301
-0.0009743,-0.034445
-0.0010092,-0.034391
-0.0010492,-0.034289
-0.0011075,-0.034306
-0.0011694,-0.034443
-0.001203,-0.034544
-0.0011917,-0.034491
-0.0011515,-0.034358
-0.0011088,-0.034332
-0.0010664,-0.034488
-0.0010025,-0.034698
-0.00090507,-0.034782
-0.00079659,-0.034725
-0.00071271,-0.03468
-0.00065982,-0.03476
-0.00060667,-0.034878
-0.00052255,-0.034838
-0.00041365,-0.03458
-0.0003122,-0.03427
-0.00023497,-0.034117
-0.00016598,-0.034135
-8.3002e-05,-0.034124
1.1407e-05,-0.0339
9.6329e-05,-0.033506
0.00016432,-0.033156
0.00023254,-0.032996
0.00031803,-0.032943
0.00041189,-0.032797
0.00048824,-0.032471
0.00053654,-0.032071
0.00057544,-0.031739
0.00063118,-0.031442
0.00070834,-0.030942
0.00078717,-0.030011
0.00084659,-0.028656
0.00088322,-0.027147
0.0009077,-0.025828
0.00093019,-0.024894
0.00095517,-0.024331
0.00098771,-0.024004
0.0010377,-0.023776
0.0011139,-0.023558
0.0012142,-0.023286
0.0013248,-0.022919
0.001427,-0.022444
0.0015058,-0.021889
0.001554,-0.02128
0.0015709,-0.020613
0.001558,-0.019868
0.0015157,-0.019062
0.001443,-0.018286
0.001342,-0.017649
0.0012218,-0.017205
0.0010944,-0.01691
0.00096524,-0.016657
0.00083187,-0.016358
0.00069573,-0.015987
0.00057393,-0.015571
0.00049085,-0.01515
0.00045118,-0.014732
0.00042521,-0.014262
0.0003719,-0.013621
0.00028307,-0.012683
0.0001989,-0.011436
0.0001691,-0.010069
0.00019674,-0.0088972
0.00022952,-0.0081266
0.00021456,-0.0076521
0.00015848,-0.007129
0.00012319,-0.0062919
0.00015918,-0.0052156
0.00025118,-0.0042264
0.00033719,-0.0035425
0.00037612,-0.0030321
0.00038563,-0.002356
0.00041204,-0.0013331
0.00047525,-0.00012219
0.0005537,0.00096119
0.00061768,0.0017637
0.00066189,0.0024038
0.00069992,0.0031026
0.00073838,0.0039716
0.00076944,0.004972
0.00078725,0.0060189
0.00079919,0.0070575
0.0008158,0.0080478
0.00083806,0.0089416
0.00086307,0.0097211
0.00089787,0.010442
0.00095555,0.011199
0.0010337,0.01203
0.0011064,0.012893
0.001146,0.013745
0.0011519,0.014632
0.0011504,0.015662
0.0011646,0.016872
0.0011937,0.018132
0.0012233,0.019223
0.001251,0.020013
0.001289,0.020572
0.0013441,0.021117
0.0014047,0.021843
0.0014533,0.022801
0.0014878,0.023897
0.0015194,0.024978
0.0015479,0.025915
0.0015487,0.026652
0.0014925,0.02722
0.001378,0.027716
0.0012382,0.028218
0.0011097,0.028703
0.00099954,0.029053
0.0008854,0.029178
0.0007469,0.029143
0.00059115,0.029132
0.00044533,0.02929
0.00032863,0.02961
0.00023726,0.030008
0.00015617,0.030477
7.89e-05,0.031111
1.0747e-05,0.031958
-4.4865e-05,0.032885
-9.5799e-05,0.033669
-0.00015234,0.034224
-0.00021082,0.034702
-0.00025115,0.035319
-0.00025269,0.0361
-0.00021242,0.036849
-0.00014882,0.037376
-9.0234e-05,0.037734
-5.8344e-05,0.038168
-5.6388e-05,0.038855
-6.6303e-05,0.03972
-5.7982e-05,0.040545
-9.8731e-06,0.041229
7.1175e-05,0.041885
0.00015061,0.042679
0.00019397,0.043623
0.00019938,0.044578
0.0002004,0.045439
0.00023236,0.046269
0.00029679,0.047215
0.00036391,0.048311
0.00040989,0.049427
0.00044314,0.050397
0.00048703,0.051187
0.00054182,0.051893
0.00057736,0.052613
0.00057078,0.05335
0.00054376,0.054044
0.00054877,0.054666
0.00061363,0.055262
0.00070715,0.055904
0.00076796,0.056638
0.00076742,0.057446
0.00073857,0.058241
0.00074181,0.058879
0.00080682,0.059221
0.00091084,0.059221
0.001009,0.058971
0.0010782,0.05863
0.0011298,0.058313
0.001187,0.058038
0.0012551,0.057765
0.0013139,0.057448
0.0013341,0.057026
0.001301,0.056395
0.001225,0.055448
0.0011334,0.054166
0.0010486,0.052639
0.00097238,0.050982
0.00088982,0.049253
0.00078881,0.047481
0.00067412,0.045752
0.00056163,0.044211
0.00045937,0.042916
0.00035972,0.041749
0.0002531,0.040531
0.00014488,0.039235
5.2258e-05,0.038051
-1.6021e-05,0.037173
-7.1051e-05,0.036551
-0.00013042,0.035897
-0.00019605,0.03495
-0.00025086,0.033714
-0.00027855,0.032418
-0.00028342,0.03127
-0.00028709,0.030273
-0.00030626,0.029268
-0.00033678,0.028106
-0.00035974,0.026773
-0.00036062,0.025381
-0.0003421,0.024081
-0.00032116,0.022961
-0.00031479,0.021992
-0.0003257,0.021041
-0.0003391,0.019973
-0.0003358,0.018792
-0.00031294,0.017686
-0.00029121,0.016876
-0.0002952,0.016401
-0.0003231,0.016052
-0.0003408,0.015531
-0.00031465,0.014702
-0.00025129,0.013683
-0.00019725,0.012708
-0.00019248,0.011927
-0.00022711,0.011319
-0.00025145,0.010769
-0.00022876,0.010185
-0.00017093,0.0095474
-0.00011917,0.0088955
-9.7845e-05,0.0082824
-9.6794e-05,0.0077273
-9.6186e-05,0.0071735
-9.4115e-05,0.0064884
-9.9929e-05,0.0055411
-0.0001077,0.0043053
-9.2298e-05,0.0028847
-3.8283e-05,0.001432
3.6053e-05,5.5261e-05
9.4973e-05,-0.001181
0.00012541,-0.0021854
0.00015011,-0.0028319
0.00019372,-0.0030714
0.00024032,-0.0030483
0.00023596,-0.0030622
0.00014027,-0.0033714
-2.8148e-05,-0.0040208
-0.00020502,-0.0048667
-0.00034082,-0.0057593
-0.0004437,-0.006681
-0.00055942,-0.0077048
-0.00071315,-0.0088504
-0.00087953,-0.010023
-0.0010126,-0.011106
-0.0010989,-0.012083
-0.001172,-0.013036
-0.001273,-0.01402
-0.0014045,-0.014965
-0.0015304,-0.01573
-0.0016182,-0.016267
-0.0016715,-0.016684
-0.0017174,-0.017139
-0.0017671,-0.017672
-0.0018001,-0.018171
-0.0017891,-0.018514
-0.001735,-0.018734
-0.001671,-0.019006
-0.0016322,-0.019482
-0.0016241,-0.02014
-0.0016205,-0.020827
-0.0015911,-0.021412
-0.001529,-0.021875
-0.0014543,-0.022255
-0.0013953,-0.02255
-0.001366,-0.022716
-0.0013586,-0.022768
-0.001354,-0.022826
-0.001336,-0.023036
-0.0012994,-0.023431
-0.0012473,-0.0239
-0.0011858,-0.024309
-0.0011233,-0.024616
-0.0010722,-0.024879
-0.0010441,-0.02515
-0.001039,-0.025421
-0.001039,-0.025672
-0.0010184,-0.025927
-0.00096232,-0.026217
-0.00087906,-0.026487
-0.00079255,-0.026588
-0.00072371,-0.026433
-0.00067786,-0.026137
-0.0006465,-0.02597
-0.00061605,-0.026129
-0.00057391,-0.026587
-0.00051043,-0.027178
-0.00042228,-0.027818
-0.00031763,-0.028587
-0.00021524,-0.029565
-0.00013304,-0.030635
-7.4435e-05,-0.031519
-2.725e-05,-0.032026
2.1293e-05,-0.032241
6.8087e-05,-0.032412
9.4163e-05,-0.032682
8.2061e-05,-0.032965
3.2553e-05,-0.033093
-3.6514e-05,-0.033046
-0.00010707,-0.033004
-0.00017544,-0.033185
-0.00025119,-0.033685
-0.00034428,-0.034454
-0.00045445,-0.035371
-0.0005695,-0.036289
-0.0006707,-0.037058
-0.00074236,-0.037575
-0.00078292,-0.03786
-0.0008099,-0.038055
-0.00084918,-0.038295
-0.00091068,-0.038582
-0.00097243,-0.038813
-0.00099458,-0.038922
-0.00095615,-0.038949
-0.00087775,-0.038959
-0.0008029,-0.038934
-0.00075533,-0.038799
-0.00071771,-0.038551
-0.00065455,-0.038294
-0.00055246,-0.038111
-0.00043378,-0.037948
-0.00033217,-0.037698
-0.00026076,-0.037381
-0.00020529,-0.037172
-0.00014338,-0.037196
-6.6199e-05,-0.037349
1.5725e-05,-0.037396
8.2756e-05,-0.037259
0.00012341,-0.037119
0.00014807,-0.037173
0.00018668,-0.03734
0.00026475,-0.037302
0.00037421,-0.036864
0.00047197,-0.036201
0.00051795,-0.035695
0.00051828,-0.035537
0.00052412,-0.035558
0.00058104,-0.035442
0.00068193,-0.035055
0.00077531,-0.034525
0.00081888,-0.034047
0.00081789,-0.033695
0.00081004,-0.033432
0.00082307,-0.033239
0.00085714,-0.033156
0.00090526,-0.033216
0.00097491,-0.033381
0.0010779,-0.033566
0.0012027,-0.033701
0.0013108,-0.033742
0.0013668,-0.033648
0.0013698,-0.033403
0.0013506,-0.033058
0.0013373,-0.032717
0.0013292,-0.032457
0.0013031,-0.03225
0.0012398,-0.032009
0.0011391,-0.031727
0.0010136,-0.031528
0.00087576,-0.031559
0.00073539,-0.031813
0.00060457,-0.032085
0.00049451,-0.032122
0.00040213,-0.031846
0.00030763,-0.03142
0.0001923,-0.031083
5.8936e-05,-0.030912
-6.8493e-05,-0.030754
-0.00016841,-0.030374
-0.00024207,-0.029691
-0.00030743,-0.028842
-0.00037561,-0.028028
-0.00043691,-0.027307
-0.00047082,-0.026553
-0.00046726,-0.025629
-0.00043468,-0.024565
-0.00039018,-0.023547
-0.000346,-0.022727
-0.00030453,-0.022063
-0.00026188,-0.021384
-0.00021398,-0.020593
-0.00016199,-0.019786
-0.00011377,-0.019135
-7.8177e-05,-0.018663
-5.5492e-05,-0.018177
-3.4794e-05,-0.017447
-4.9151e-06,-0.016457
3.3722e-05,-0.015417
7.1009e-05,-0.014517
9.8486e-05,-0.0137
0.00011932,-0.012734
0.00014726,-0.011487
0.00019157,-0.010101
0.00024404,-0.0088606
0.00028587,-0.0079142
0.00030677,-0.0071617
0.00031494,-0.0064218
0.00032659,-0.0056315
0.00034789,-0.0048345
0.00037078,-0.0040149
0.00038597,-0.0030378
0.00039691,-0.0018103
0.00041811,-0.00045424
0.00045943,0.0007574
0.00051375,0.0016539
0.00056299,0.0023155
0.00059784,0.0029494
0.00063081,0.0036601
0.00068608,0.004396
0.00077309,0.0051082
0.00087017,0.0058788
0.00093791,0.006822
0.00095167,0.0078776
0.00092017,0.0087795
0.00086957,0.0092736
0.00081037,0.0093501
0.00072626,0.0092335
0.00059966,0.009151
0.00044424,0.0091524
0.00030074,0.0091629
0.00019591,0.0091587
0.00011532,0.0092471
2.4614e-05,0.0095727
-8.7737e-05,0.010173
-0.00019437,0.010965
-0.00025747,0.01186
-0.00027429,0.012831
-0.00028809,0.013863
-0.00034619,0.014876
-0.00044897,0.015766
-0.00054736,0.016515
-0.0005924,0.017218
-0.00058146,0.017982
-0.00055169,0.018796
-0.00053375,0.01955
-0.00052165,0.020173
-0.00048961,0.020732
-0.00042884,0.021364
-0.00035797,0.022135
-0.00029921,0.023002
-0.00025433,0.023914
-0.00020916,0.024908
-0.00015547,0.026063
-0.00010033,0.027351
-5.3952e-05,0.028591
-1.6084e-05,0.029605
2.1342e-05,0.030394
6.4056e-05,0.031143
0.00011439,0.032022
0.0001773,0.033007
0.00025744,0.033925
0.00034621,0.034672
0.00042011,0.035339
0.00046233,0.036102
0.00048531,0.037004
0.00052225,0.03788
0.00059061,0.03852
0.00067046,0.038901
0.00072767,0.039242
0.00075554,0.039822
0.00078213,0.040733
0.00083373,0.041788
0.00090186,0.042663
0.00095721,0.043145
0.000992,0.043298
0.0010344,0.043415
0.0011149,0.043812
0.0012279,0.044646
0.001338,0.045884
0.0014206,0.047405
0.0014839,0.04911
0.0015449,0.050893
0.0015939,0.052542
0.001596,0.053731
0.0015272,0.054193
0.0014022,0.053925
0.001259,0.053218
0.0011237,0.052447
0.0009937,0.051823
0.00085459,0.051357
0.00070549,0.051024
0.00056431,0.050905
0.00045216,0.051132
0.0003757,0.051715
0.00032258,0.052492
0.000271,0.053287
0.00020507,0.054073
0.00012686,0.054936
5.6599e-05,0.05586
1.7789e-05,0.056594
1.6668e-05,0.05678
3.5142e-05,0.056223
4.5981e-05,0.05502
3.7062e-05,0.053453
2.0857e-05,0.051788
1.9916e-05,0.050196
4.5318e-05,0.048786
9.0005e-05,0.047647
0.00013876,0.046781
0.00018098,0.046066
0.00021542,0.045344
0.00024795,0.044568
0.00028876,0.043844
0.00034711,0.043286
0.00042031,0.04285
0.00048726,0.042339
0.00052195,0.041588
0.00052111,0.040607
0.00051506,0.039537
0.00054055,0.03848
0.00059783,0.037418
0.00064217,0.036307
0.0006272,0.035216
0.00055635,0.034316
0.00048288,0.0337
0.00045554,0.033249
0.00047111,0.032712
0.00048759,0.031956
0.00047718,0.031115
0.00045091,0.030465
0.00042724,0.030143
0.0003939,0.029973
0.0003222,0.029598
0.00021944,0.028771
0.00014524,0.027524
0.00015657,0.026052
0.00023965,0.024485
0.00031425,0.022808
0.0003144,0.021032
0.00025599,0.019376
0.00021367,0.018205
0.00023435,0.017715
0.00028605,0.01768
0.00029573,0.017568
0.00022549,0.016949
9.9764e-05,0.015819
-3.7451e-05,0.014508
-0.00017456,0.013308
-0.00033243,0.012197
-0.00052267,0.010943
-0.00072294,0.0094215
-0.00089898,0.0077782
-0.0010416,0.0062824
-0.0011718,0.0050712
-0.0013104,0.0040713
-0.0014531,0.0031456
-0.0015794,0.0022534
-0.0016805,0.0014454
-0.001769,0.00074217
-0.00186,7.2585e-05
-0.0019492,-0.0006576
-0.0020161,-0.0014724
-0.0020475,-0.0023304
-0.0020523,-0.0032129
-0.0020505,-0.0041713
-0.0020505,-0.005267
-0.0020418,-0.0064725
-0.0020093,-0.0076529
-0.0019528,-0.0086626
-0.0018895,-0.0094618
-0.0018398,-0.010137
-0.001811,-0.010808
-0.0017928,-0.011511
-0.0017661,-0.012179
-0.0017179,-0.012722
-0.0016525,-0.013117
-0.0015891,-0.013424
-0.0015461,-0.01371
-0.0015233,-0.013988
-0.0015014,-0.014226
-0.001462,-0.014418
-0.0014075,-0.014621
-0.0013587,-0.014923
-0.0013308,-0.015374
-0.0013153,-0.015961
-0.0012883,-0.016629
-0.0012349,-0.017309
-0.001162,-0.017931
-0.0010867,-0.018425
-0.0010189,-0.01874
-0.00095834,-0.018879
-0.00090419,-0.018892
-0.00085877,-0.01885
-0.00082058,-0.018827
-0.00078046,-0.018902
-0.00073059,-0.019149
-0.00067435,-0.019592
-0.0006212,-0.020153
-0.00057188,-0.020688
-0.00051471,-0.021111
-0.00043918,-0.021474
-0.00034911,-0.021911
-0.0002588,-0.022476
-0.00018035,-0.023057
-0.00012153,-0.023491
-9.3753e-05,-0.023749
-0.00011154,-0.02399
-0.00017735,-0.024408
-0.00027235,-0.025048
-0.00037122,-0.025785
-0.00046552,-0.026487
-0.0005634,-0.027143
-0.00066576,-0.02782
-0.0007564,-0.028528
-0.00082388,-0.029175
-0.00088394,-0.02967
-0.00096169,-0.03003
-0.0010492,-0.030345
-0.0011032,-0.030659
-0.0010987,-0.030922
-0.0010707,-0.031081
-0.0010741,-0.031165
-0.0011035,-0.031266
-0.0010885,-0.031433
-0.00099085,-0.031645
-0.00088822,-0.031879
-0.00091487,-0.032161
-0.001093,-0.032505
-0.0012677,-0.032821
-0.0012482,-0.032954
-0.0009886,-0.032835
-0.00063216,-0.032593
-0.00037778,-0.032474
-0.0002883,-0.032624
-0.00026517,-0.032962
-0.00020309,-0.033276
-0.00010425,-0.033419
-3.6804e-05,-0.033391
-2.3759e-05,-0.03327
-8.3046e-06,-0.03311
6.8002e-05,-0.032923
0.00018853,-0.032721
0.00028544,-0.032524
0.0003251,-0.03233
0.00034555,-0.032114
0.00040479,-0.031883
0.00051265,-0.031699
0.00062819,-0.0316
0.00071167,-0.0315
0.00076051,-0.031241
0.00079487,-0.030776
0.00082653,-0.030281
0.00085539,-0.030017
0.00088833,-0.030065
0.00094295,-0.030251
0.0010274,-0.030363
0.0011268,-0.030411
0.001219,-0.030581
0.0012982,-0.030954
0.001375,-0.031327
0.0014542,-0.031396
0.0015224,-0.031096
0.001563,-0.030686
0.0015742,-0.030485
0.001562,-0.030584
0.0015217,-0.030846
0.0014401,-0.031162
0.0013205,-0.031584
0.0011958,-0.032201
0.0011027,-0.032939
0.001042,-0.033578
0.00097669,-0.033979
0.0008743,-0.034225
0.00074484,-0.0345
0.0006273,-0.034848
0.00054145,-0.035112
0.00046471,-0.035116
0.00036339,-0.034872
0.00023989,-0.034585
0.00013822,-0.034453
0.00010058,-0.034498
0.00012497,-0.034578
0.00016982,-0.034543
0.00019615,-0.034381
0.00019918,-0.034221
0.00020104,-0.034217
0.00022222,-0.034417
0.0002654,-0.034715
0.00032111,-0.034933
0.00037815,-0.034951
0.00042529,-0.034775
0.0004511,-0.034492
0.00045206,-0.034149
0.00044163,-0.033708
0.0004436,-0.033102
0.00047023,-0.032336
0.0005084,-0.031507
0.00053236,-0.030729
0.00053098,-0.030049
0.00051794,-0.02944
0.00051177,-0.028837
0.00051027,-0.028176
0.00049232,-0.027401
0.00044685,-0.026482
0.00039389,-0.025442
0.0003687,-0.024364
0.00038333,-0.023329
0.00041038,-0.022332
0.000411,-0.02127
0.00037784,-0.020039
0.00034433,-0.018656
0.00034951,-0.017287
0.00039866,-0.016139
0.00046371,-0.015318
0.00051901,-0.014783
0.0005685,-0.014426
0.00063343,-0.014169
0.00071934,-0.013971
0.00080394,-0.01376
0.00085899,-0.013401
0.00087673,-0.012778
0.00086875,-0.011893
0.00084251,-0.010869
0.00078873,-0.0098499
0.00069584,-0.0089368
0.0005714,-0.0082237
0.0004415,-0.0078481
0.0003279,-0.0079201
0.0002312,-0.008361
0.00014041,-0.0088576
5.451e-05,-0.0090489
-1.396e-05,-0.0087961
-5.9924e-05,-0.008252
-0.00010412,-0.0076588
-0.00018056,-0.0071033
-0.00030073,-0.0064899
-0.00043285,-0.0057151
-0.00052358,-0.0047904
-0.00054492,-0.0037731
-0.00051934,-0.0026545
-0.00049625,-0.0013987
-0.00050296,-8.5748e-05
-0.00051985,0.0010665
-0.00050428,0.001886
-0.00043544,0.0024283
-0.00033255,0.0029118
-0.00023148,0.003472
-0.00015067,0.0040385
-8.3791e-05,0.0044889
-2.0421e-05,0.0048753
3.7531e-05,0.0054169
8.4407e-05,0.0062511
0.0001278,0.0072518
0.00018609,0.0081564
0.00026654,0.0088653
0.00035347,0.0095627
0.00042639,0.010515
0.00048725,0.011772
0.00055979,0.0131
0.00065819,0.01421
0.0007636,0.015034
0.00084115,0.015771
0.0008797,0.016683
0.00090554,0.017867
0.00095206,0.019181
0.0010216,0.020396
0.0010851,0.021393
0.0011183,0.022259
0.0011312,0.023206
0.0011547,0.024388
0.0012053,0.025749
0.001271,0.027055
0.001333,0.028069
0.0013927,0.028738
0.0014664,0.029233
0.0015579,0.029796
0.0016454,0.030566
0.0017017,0.031534
0.0017239,0.032619
0.0017338,0.033762
0.0017492,0.034913
0.0017588,0.035971
0.0017306,0.036799
0.0016443,0.037333
0.0015138,0.037649
0.0013778,0.037908
0.0012687,0.038199
0.0011891,0.038476
0.0011135,0.038659
0.0010112,0.038786
0.00087078,0.039043
0.0007095,0.039619
0.00055979,0.040547
0.00044444,0.041665
0.00036123,0.042759
0.00029078,0.043734
0.00021977,0.04466
0.00015603,0.045646
0.00011838,0.046669
0.00011243,0.047542
0.00012144,0.048085
0.00012511,0.048321
0.00012408,0.048472
0.0001374,0.048717
0.00017301,0.049007
0.00020911,0.049196
0.00021566,0.049352
0.00019517,0.049815
0.00019128,0.050818
0.00024622,0.052074
0.00035103,0.052901
0.00044637,0.052904
0.00047715,0.052484
0.00044366,0.052537
0.00039669,0.053592
0.0003862,0.055309
0.00041867,0.056876
0.00046111,0.057803
0.00047868,0.058245
0.00046559,0.058607
0.00044532,0.05901
0.00044669,0.05926
0.00047895,0.059199
0.00052471,0.058886
0.00055574,0.058405
0.00055944,0.057689
0.00055215,0.056667
0.00056305,0.055524
0.00060177,0.054597
0.00064466,0.053967
0.00065923,0.053312
0.00064303,0.052304
0.00063269,0.051118
0.00066966,0.050324
0.00075815,0.050172
0.00085947,0.050099
0.00092597,0.049132
0.00093659,0.046849
0.00090175,0.043889
0.0008428,0.04141
0.00077282,0.040067
0.00069117,0.03953
0.00058631,0.038956
0.00044241,0.037825
0.00025339,0.036285
3.8254e-05,0.03479
-0.00016242,0.033559
-0.00031677,0.032427
-0.0004326,0.031144
-0.0005522,0.029687
-0.00071005,0.028246
-0.00089704,0.026975
-0.0010719,0.025828
-0.0012068,0.024641
-0.0013151,0.023309
-0.0014316,0.021859
-0.0015709,0.02036
-0.0017118,0.018828
-0.0018223,0.017233
-0.0018894,0.015586
-0.0019222,0.013962
-0.0019345,0.01243
-0.0019346,0.010968
-0.0019301,0.0094851
-0.0019315,0.007939
-0.0019416,0.0064191
-0.0019466,0.0050915
-0.0019289,0.004041
-0.0018922,0.0031715
-0.0018648,0.0022738
-0.0018692,0.0012119
-0.0018914,4.8851e-05
-0.0018916,-0.0010084
-0.0018486,-0.0017947
-0.0017867,-0.0023258
-0.001748,-0.002769
-0.0017428,-0.0032875
-0.0017387,-0.0039092
-0.0017033,-0.0045286
-0.0016479,-0.0050168
-0.0016148,-0.0053304
-0.0016225,-0.0055305
-0.001636,-0.0057139
-0.0016036,-0.0059288
-0.0015177,-0.0061517
-0.0014264,-0.0063407
-0.0013828,-0.0065035
-0.0013906,-0.0067047
-0.0014084,-0.0070013
-0.001401,-0.007388
-0.0013722,-0.0078278
-0.0013447,-0.008343
-0.0013206,-0.0090447
-0.0012757,-0.010034
-0.0011924,-0.01126
-0.0010873,-0.012503
-0.00099758,-0.013517
-0.00094317,-0.014206
-0.00091043,-0.01465
-0.00087383,-0.014985
-0.00082935,-0.015275
-0.00080291,-0.015512
-0.0008276,-0.015708
-0.0009137,-0.015958
-0.0010392,-0.016399
-0.0011674,-0.017107
-0.0012735,-0.018036
-0.0013578,-0.019031
-0.0014372,-0.019911
-0.0015235,-0.020572
-0.0016123,-0.02104
-0.0016893,-0.021435
-0.001747,-0.021869
-0.0017908,-0.02235
-0.0018279,-0.022787
-0.0018548,-0.023108
-0.0018623,-0.023351
-0.0018506,-0.023646
-0.0018338,-0.024092
-0.0018222,-0.02466
-0.0018036,-0.025226
-0.0017516,-0.025695
-0.0016563,-0.026071
-0.0015416,-0.026436
-0.0014452,-0.026856
-0.0013807,-0.027331
-0.0013239,-0.027801
-0.0012403,-0.028186
-0.0011234,-0.028438
-0.0010012,-0.028591
-0.00090606,-0.028769
-0.00084296,-0.02909
-0.00078871,-0.029537
-0.00071925,-0.029919
-0.0006333,-0.030019
-0.00054966,-0.029817
-0.00048517,-0.029539
-0.00043786,-0.029436
-0.00038986,-0.029516
-0.00032438,-0.029542
-0.00023956,-0.029303
-0.00014753,-0.028873
-6.1411e-05,-0.028535
1.585e-05,-0.028468
8.9284e-05,-0.028546
0.00015966,-0.028483
0.00021779,-0.028152
0.00025589,-0.02772
0.00028317,-0.02747
0.00032301,-0.027538
0.00038925,-0.027838
0.00046796,-0.028201
0.00053151,-0.02853
0.00057366,-0.028821
0.00062131,-0.029081
0.00070271,-0.029278
0.00080886,-0.029355
0.00089831,-0.029275
0.00094179,-0.029047
0.00094815,-0.02875
0.00093635,-0.028534
0.00089619,-0.028555
0.0008007,-0.028867
0.00065825,-0.029368
0.00052383,-0.029904
0.00043535,-0.030415
0.00035593,-0.030957
0.00021939,-0.031533
4.2173e-05,-0.031957
-5.0414e-05,-0.031973
4.4959e-05,-0.031555
0.00025673,-0.031042
0.0003631,-0.030887
0.00020363,-0.031243
-0.00014583,-0.031832
-0.00043954,-0.032228
-0.00050415,-0.032254
-0.00039166,-0.03208
-0.00028768,-0.031975
-0.00030019,-0.032048
-0.00037009,-0.032239
-0.00037717,-0.032474
-0.00028798,-0.032736
-0.00017423,-0.032989
-0.00010987,-0.033119
-9.1054e-05,-0.033035
-6.5263e-05,-0.032807
-9.023e-06,-0.032635
4.9897e-05,-0.032645
8.0026e-05,-0.032732
9.0568e-05,-0.032662
0.00011659,-0.032328
0.00017149,-0.031871
0.00023317,-0.03153
0.00027727,-0.031388
0.00030564,-0.031303
0.00033383,-0.031079
0.00036479,-0.030692
0.00039002,-0.030316
0.00041402,-0.030142
0.00046062,-0.030204
0.00054484,-0.030361
0.00064515,-0.030429
0.00071605,-0.030292
0.00073145,-0.029932
0.00070989,-0.029406
0.00069431,-0.028841
0.00071227,-0.028412
0.00076024,-0.028284
0.00082126,-0.028501
0.00088613,-0.028945
0.00095194,-0.029387
0.0010086,-0.029621
0.0010402,-0.029554
0.0010443,-0.029193
0.0010404,-0.028576
0.0010507,-0.027726
0.0010705,-0.02668
0.0010655,-0.025548
0.0010032,-0.024527
0.00088519,-0.023819
0.00074421,-0.023504
0.00061122,-0.023466
0.00048979,-0.023462
0.00036392,-0.023298
0.00022493,-0.022957
8.3872e-05,-0.022577
-4.1774e-05,-0.022284
-0.00014683,-0.02206
-0.00023931,-0.021763
-0.00032528,-0.021267
-0.00039927,-0.020571
-0.00045247,-0.019779
-0.00048653,-0.018996
-0.0005134,-0.018266
-0.00054007,-0.017586
-0.00055771,-0.016945
-0.00055051,-0.01633
-0.00051454,-0.015721
-0.00046179,-0.015105
-0.00040294,-0.014493
-0.00033122,-0.013903
-0.00023245,-0.013314
-0.00011334,-0.012668
-9.1311e-06,-0.011923
4.9674e-05,-0.011107
7.7827e-05,-0.01028
0.00012937,-0.0094571
0.00024024,-0.008589
0.00038263,-0.007633
0.00049191,-0.0066241
0.0005418,-0.0056407
0.00057571,-0.0047052
0.0006486,-0.0037518
0.00074949,-0.0027114
0.00081248,-0.0016136
0.0008177,-0.00057002
0.00085286,0.00033963
0.0010343,0.001146
0.0013599,0.0019446
0.0016671,0.0027875
0.0017682,0.0036442
0.0016379,0.0044706
0.0014381,0.0052858
0.0013519,0.0061565
0.0014175,0.0071057
0.0015333,0.0080588
0.0016011,0.0088968
0.0016296,0.0095607
0.001692,0.010097
0.0018159,0.010607
0.0019498,0.011168
0.002035,0.011829
0.002078,0.01263
0.0021316,0.013601
0.0022167,0.014673
0.0022886,0.015648
0.0022866,0.0163
0.0021995,0.01658
0.0020706,0.016705
0.0019465,0.017011
0.0018366,0.017682
0.0017252,0.018608
0.0016063,0.019514
0.001493,0.020217
0.0013968,0.020763
0.0013138,0.021327
0.0012351,0.022017
0.0011626,0.022779
0.0011038,0.023492
0.0010556,0.024117
0.0010037,0.024719
0.00094324,0.025363
0.00089232,0.026005
0.00087515,0.026528
0.00089195,0.026891
0.00091406,0.027209
0.00091487,0.02766
0.00090206,0.028304
0.00091189,0.02901
0.00096888,0.029592
0.0010552,0.030014
0.0011245,0.030451
0.0011455,0.031115
0.0011309,0.032049
0.0011232,0.033092
0.0011548,0.034041
0.0012221,0.034836
0.0012945,0.035571
0.0013434,0.036354
0.0013618,0.037183
0.0013607,0.037985
0.0013528,0.038753
0.0013439,0.039603
0.0013377,0.040689
0.0013427,0.042042
0.0013677,0.043512
0.0014094,0.044859
0.0014471,0.045909
0.0014594,0.046646
0.0014464,0.047192
0.0014326,0.047715
0.0014407,0.048324
0.0014642,0.049011
0.0014717,0.049661
0.0014435,0.050135
0.0013992,0.050396
0.0013816,0.050548
0.0014097,0.050762
0.0014552,0.051134
0.0014717,0.051631
0.0014447,0.052183
0.0014046,0.052808
0.001389,0.053615
0.0013967,0.054662
0.0013863,0.055817
0.0013181,0.056803
0.0011885,0.057383
0.001023,0.057508
0.00084363,0.057296
0.00065448,0.056889
0.00045748,0.056345
0.00026915,0.055642
0.00011224,0.054751
-7.2172e-06,0.05368
-0.00010672,0.052467
-0.00020887,0.051177
-0.00032143,0.049909
-0.0004376,0.048778
-0.00054983,0.047856
-0.00065583,0.047113
-0.00075269,0.046425
-0.00083416,0.045643
-0.00089804,0.044664
-0.00095062,0.043458
-0.0009964,0.042059
-0.0010263,0.040534
-0.0010252,0.038955
-0.00099472,0.037367
-0.00096289,0.035771
-0.00095979,0.034149
-0.00098433,0.032536
-0.0010056,0.031048
-0.0010007,0.02982
-0.00098185,0.028897
-0.00097856,0.028203
-0.0010001,0.027615
-0.0010246,0.027073
-0.001027,0.02661
-0.00101,0.026251
-0.0010014,0.025928
-0.0010221,0.025513
-0.0010657,0.02495
-0.0011113,0.024325
-0.0011496,0.023759
-0.0011899,0.023249
-0.0012384,0.022626
-0.0012805,0.021716
-0.001291,0.020515
-0.0012617,0.0192
-0.0012142,0.017957
-0.001182,0.016853
-0.0011822,0.015856
-0.0012054,0.014947
-0.0012294,0.014149
-0.001236,0.013452
-0.0012154,0.012752
-0.0011635,0.011886
-0.0010846,0.010735
-0.00099623,0.0093077
-0.00092401,0.0077477
-0.00088315,0.0063083
-0.00086554,0.0052531
-0.00084924,0.0046905
-0.0008231,0.0044435
-0.00080082,0.0041273
-0.00080968,0.0034402
-0.0008676,0.0024138
-0.000973,0.0013502
-0.001113,0.00049387
-0.0012733,-0.00021037
-0.0014376,-0.0010094
-0.0015833,-0.0020316
-0.0016926,-0.0031519
-0.0017711,-0.004175
-0.0018491,-0.0050814
-0.0019536,-0.0060209
-0.0020766,-0.0070715
-0.0021765,-0.0080902
-0.0022189,-0.0088615
-0.0022136,-0.0093679
-0.0022044,-0.0098427
-0.0022223,-0.010532
-0.0022521,-0.011438
-0.0022509,-0.012345
-0.0021982,-0.013068
-0.002119,-0.013637
-0.002056,-0.014216
-0.0020236,-0.014884
-0.0019956,-0.015552
-0.0019377,-0.016094
-0.0018467,-0.016511
-0.0017525,-0.016905
-0.0016833,-0.017338
-0.0016357,-0.017757
-0.0015813,-0.018091
-0.0015011,-0.018385
-0.0014058,-0.018786
-0.0013218,-0.019361
-0.0012586,-0.019982
-0.0011985,-0.020421
-0.0011211,-0.020589
-0.0010326,-0.020646
-0.00096429,-0.020846
-0.00093633,-0.021268
-0.00092838,-0.021724
-0.00089457,-0.021966
-0.00081064,-0.021962
-0.00070139,-0.021938
-0.00061581,-0.022131
-0.00057643,-0.02253
-0.00055936,-0.022896
-0.00052579,-0.02303
-0.0004658,-0.022991
-0.00040316,-0.023011
-0.00035836,-0.023241
-0.00031753,-0.023617
-0.00024658,-0.024009
-0.00013409,-0.024422
-1.173e-05,-0.024993
7.3417e-05,-0.025766
0.00010524,-0.026538
0.00011321,-0.027006
0.00013978,-0.027058
0.00019536,-0.026902
0.00024617,-0.02687
0.00024517,-0.027117
0.00017291,-0.027536
5.0108e-05,-0.027954
-8.4371e-05,-0.028355
-0.00020314,-0.028882
-0.000301,-0.029644
-0.00038592,-0.030555
-0.00046828,-0.0314
-0.00055781,-0.032026
-0.00066175,-0.032451
-0.00077708,-0.032794
-0.00088592,-0.033132
-0.00096688,-0.033437
-0.0010163,-0.03364
-0.0010539,-0.033725
-0.0011016,-0.033738
-0.0011571,-0.033734
-0.0011943,-0.033737
-0.0011921,-0.033756
-0.0011579,-0.033811
-0.0011168,-0.033926
-0.0010822,-0.034081
-0.0010457,-0.034205
-0.00099695,-0.034231
-0.00094329,-0.034161
-0.00090215,-0.034079
-0.0008761,-0.034068
-0.00084708,-0.034136
-0.00079992,-0.034193
-0.00074518,-0.034135
-0.00070983,-0.033934
-0.00070456,-0.033658
-0.00070701,-0.033403
-0.00068229,-0.033216
-0.00061874,-0.033086
-0.00053985,-0.033001
-0.00048073,-0.032997
-0.0004549,-0.033118
-0.00044416,-0.033337
-0.00041849,-0.033518
-0.00036395,-0.033499
-0.00029268,-0.033218
-0.00022849,-0.032784
-0.00018416,-0.032396
-0.00015218,-0.032179
-0.00011677,-0.032068
-7.336e-05,-0.031858
-3.36e-05,-0.031406
-9.1394e-06,-0.030789
8.39e-06,-0.03029
4.6103e-05,-0.030161
0.0001236,-0.030413
0.00022758,-0.030813
0.00031798,-0.031113
0.00036529,-0.031256
0.00038177,-0.031335
0.00041015,-0.031392
0.00047652,-0.031319
0.00055578,-0.030997
0.00058923,-0.030499
0.00053928,-0.030088
0.00042505,-0.029994
0.00030201,-0.030227
0.00020894,-0.030629
0.00013893,-0.031086
6.1309e-05,-0.031604
-3.7439e-05,-0.03219
-0.00014208,-0.032733
-0.00023312,-0.03308
-0.00031001,-0.03323
-0.00038458,-0.033371
-0.00045869,-0.033671
-0.00051915,-0.034061
-0.00055556,-0.034292
-0.00057426,-0.034211
-0.00058887,-0.033939
-0.00060166,-0.033721
-0.00060262,-0.033626
-0.00058622,-0.033452
-0.00055973,-0.032951
-0.00053047,-0.032115
-0.00049252,-0.03119
-0.00043577,-0.03041
-0.00036643,-0.029769
-0.00030681,-0.029063
-0.00026854,-0.028149
-0.00023356,-0.027117
-0.00017285,-0.026192
-8.3491e-05,-0.025496
3.5019e-06,-0.024927
5.8092e-05,-0.024253
8.6957e-05,-0.023323
0.00012514,-0.022187
0.00019423,-0.021039
0.00027965,-0.020054
0.00035324,-0.019259
0.00040895,-0.018537
0.00046527,-0.017751
0.00053576,-0.016877
0.00061096,-0.016025
0.00067661,-0.015328
0.0007403,-0.014792
0.00082602,-0.014264
0.00093998,-0.013548
0.0010528,-0.012568
0.0011248,-0.011409
0.0011481,-0.010225
0.0011558,-0.009119
0.0011893,-0.0081163
0.001262,-0.0072136
0.0013546,-0.0064104
0.0014431,-0.0056789
0.0015227,-0.0049409
0.0016068,-0.0041164
0.0017086,-0.0031973
0.0018249,-0.0022419
0.0019362,-0.0012792
0.0020164,-0.00024822
0.0020463,0.00092106
0.0020245,0.0021596
0.0019668,0.0032308
0.0018932,0.0038975
0.0018125,0.0041344
0.0017196,0.0041557
0.0016087,0.0042214
0.001487,0.0044275
0.0013731,0.0046933
0.0012805,0.0049304
0.0012091,0.005179
0.0011495,0.005558
0.0010933,0.0061112
0.0010352,0.0067528
0.00097157,0.0073832
0.00090361,0.0080211
0.00084324,0.0087764
0.00080848,0.0096931
0.00080613,0.010655
0.00082154,0.01149
0.00083317,0.012147
0.00083894,0.012743
0.00086126,0.013407
0.00092045,0.014131
0.0010065,0.014806
0.0010845,0.015413
0.0011285,0.016104
0.0011448,0.017067
0.0011598,0.018307
0.0011909,0.019615
0.0012356,0.020778
0.0012847,0.02178
0.0013351,0.022775
0.0013853,0.023862
0.001427,0.02496
0.0014517,0.025902
0.001464,0.026651
0.0014802,0.027343
0.0015085,0.028132
0.0015376,0.02903
0.0015513,0.029934
0.0015518,0.030783
0.0015589,0.031626
0.0015857,0.032531
0.0016212,0.033494
0.0016434,0.034494
0.0016438,0.035605
0.0016322,0.036971
0.0016192,0.038598
0.0016085,0.040197
0.0016077,0.041318
0.001636,0.041686
0.0017063,0.041417
0.0017982,0.040903
0.0018634,0.040518
0.0018684,0.040438
0.0018315,0.04069
0.0018056,0.041294
0.0018224,0.042269
0.0018582,0.043551
0.0018593,0.044938
0.0017954,0.046166
0.0016842,0.047034
0.001563,0.047468
0.001448,0.047518
0.0013256,0.047322
0.0011782,0.047046
0.0010071,0.046812
0.00082832,0.046626
0.0006541,0.046414
0.00048777,0.046152
0.00033446,0.045946
0.00020689,0.045948
0.0001143,0.046197
4.7434e-05,0.046561
-1.8927e-05,0.046884
-0.00010421,0.047145
-0.00020394,0.047451
-0.00029461,0.04785
-0.00035479,0.048208
-0.00037945,0.048325
-0.00037647,0.048145
-0.00035595,0.047828
-0.00032731,0.047604
-0.00030252,0.047581
-0.00029351,0.047733
-0.00030094,0.048009
-0.00030877,0.048398
-0.00029752,0.048861
-0.00026398,0.049266
-0.00022214,0.049467
-0.00018746,0.049452
-0.00016547,0.049366
-0.00015244,0.049326
-0.00014463,0.049253
-0.00014575,0.048909
-0.00016135,0.04812
-0.00018572,0.046966
-0.000199,0.045714
-0.0001815,0.044579
-0.00013263,0.043564
-7.2515e-05,0.042532
-2.199e-05,0.041409
1.7422e-05,0.040259
6.1413e-05,0.03918
0.00012054,0.038187
0.00018244,0.037257
0.00021971,0.036471
0.00021698,0.036006
0.00019063,0.035912
0.00018048,0.035913
0.00021801,0.035536
0.00029835,0.034498
0.00038213,0.032967
0.00042773,0.031424
0.00042664,0.030252
0.00041003,0.029497
0.00041845,0.028965
0.00046098,0.028459
0.00050251,0.027867
0.00049231,0.027087
0.00040678,0.026007
0.0002646,0.02461
0.00010245,0.023046
-5.8577e-05,0.021512
-0.00021958,0.020055
-0.00038374,0.018546
-0.00054143,0.016884
-0.00068094,0.015169
-0.00080686,0.013623
-0.00093691,0.012357
-0.0010777,0.011266
-0.0012117,0.010175
-0.0013147,0.0090371
-0.0013827,0.0079472
-0.001434,0.0069702
-0.0014831,0.0060278
-0.0015201,0.004985
-0.0015229,0.0038161
-0.0014874,0.002635
-0.0014378,0.0015607
-0.0014045,0.00060246
-0.001396,-0.00029267
-0.0013942,-0.0011112
-0.0013761,-0.0017574
-0.0013362,-0.0021888
-0.001288,-0.0025297
-0.0012488,-0.0029974
-0.0012223,-0.0037003
-0.0011951,-0.0045306
-0.0011509,-0.0052753
-0.0010894,-0.0058282
-0.0010337,-0.0062773
-0.0010114,-0.0067844
-0.0010232,-0.0073949
-0.0010333,-0.0079839
-0.00099827,-0.0083917
-0.00091166,-0.0086048
-0.00081293,-0.008796
-0.00074745,-0.0091801
-0.00071963,-0.0098262
-0.00069302,-0.010609
-0.00063687,-0.011339
-0.00056263,-0.011931
-0.00050693,-0.012444
-0.0004844,-0.01296
-0.00046981,-0.013455
-0.00043037,-0.013802
-0.0003657,-0.013897
-0.00030641,-0.013767
-0.0002766,-0.013545
-0.00026896,-0.013373
-0.00025915,-0.01335
-0.00023428,-0.013542
-0.00019851,-0.01399
-0.00015638,-0.014653
-0.00010414,-0.015371
-4.1214e-05,-0.015954
1.9959e-05,-0.016341
6.4497e-05,-0.016658
9.056e-05,-0.017099
0.00010323,-0.01774
9.3456e-05,-0.018499
3.7069e-05,-0.019276
-7.5714e-05,-0.020084
-0.00021744,-0.021004
-0.00034446,-0.022046
-0.00044372,-0.023095
-0.00054643,-0.024022
-0.00068672,-0.02481
-0.00085393,-0.025528
-0.00099901,-0.026206
-0.0010897,-0.026781
-0.0011436,-0.027196
-0.0011976,-0.0275
-0.0012613,-0.027817
-0.0013168,-0.028194
-0.0013557,-0.028523
-0.0013975,-0.028654
-0.0014634,-0.028562
-0.0015405,-0.028388
-0.0015868,-0.028298
-0.0015785,-0.028335
-0.0015393,-0.028437
-0.0015141,-0.028576
-0.001516,-0.028821
-0.0015127,-0.029257
-0.0014695,-0.02985
-0.0013934,-0.030438
-0.0013256,-0.030853
-0.0012922,-0.031054
-0.001275,-0.031122
-0.0012384,-0.031165
-0.0011761,-0.031235
-0.0011202,-0.031327
-0.0011001,-0.031414
-0.0011048,-0.031479
-0.0010935,-0.031515
-0.0010435,-0.031533
-0.00097815,-0.03155
-0.0009415,-0.031564
-0.00094819,-0.031535
-0.0009645,-0.031412
-0.00094164,-0.031186
-0.00086533,-0.03091
-0.00076983,-0.030657
-0.0007046,-0.030454
-0.00069099,-0.030273
-0.00071179,-0.030073
-0.00073594,-0.029838
-0.0007445,-0.029583
-0.00073204,-0.029358
-0.00069327,-0.029271
-0.00062132,-0.029454
-0.00052198,-0.029945
-0.00042064,-0.030578
-0.00034479,-0.03105
-0.00029919,-0.03115
-0.00026484,-0.030925
-0.0002261,-0.030605
-0.00019472,-0.030352
-0.00020114,-0.030151
-0.00026204,-0.02994
-0.00036193,-0.029808
-0.00046921,-0.029963
-0.00056621,-0.030494
-0.00065849,-0.031225
-0.00075613,-0.031867
-0.00085284,-0.032299
-0.0009289,-0.032657
-0.00097425,-0.033126
-0.001004,-0.033711
-0.001046,-0.034236
-0.001113,-0.03455
-0.0011887,-0.034664
-0.0012453,-0.034679
-0.0012724,-0.034646
-0.0012861,-0.034536
-0.0013046,-0.034346
-0.0013203,-0.034166
-0.0013032,-0.034103
-0.0012367,-0.034177
-0.0011431,-0.034297
-0.0010648,-0.034357
-0.0010177,-0.034322
-0.00097194,-0.034238
-0.00088639,-0.034175
-0.00075907,-0.034162
-0.00063295,-0.034166
-0.00054959,-0.034107
-0.0005051,-0.033917
-0.00045959,-0.033601
-0.00038568,-0.033258
-0.00029598,-0.033016
-0.00021868,-0.032942
-0.00015732,-0.032993
-8.7048e-05,-0.03306
1.0206e-05,-0.033046
0.00011907,-0.032906
0.00020734,-0.03264
0.00026366,-0.032276
0.00030901,-0.031863
0.00036981,-0.031437
0.00044819,-0.030974
0.00052417,-0.030366
0.00058192,-0.029504
0.00062491,-0.028387
0.00066423,-0.027166
0.00070104,-0.02604
0.00072879,-0.025115
0.00075125,-0.024366
0.00078955,-0.023719
0.00086458,-0.023138
0.00097254,-0.022612
0.0010821,-0.022073
0.0011592,-0.021399
0.0011977,-0.020512
0.0012251,-0.019471
0.0012779,-0.018433
0.0013669,-0.017515
0.0014633,-0.016717
0.0015159,-0.015993
0.0014883,-0.015362
0.0013848,-0.014919
0.0012459,-0.014724
0.0011175,-0.014728
0.0010203,-0.014816
0.0009444,-0.014908
0.0008695,-0.01498
0.00078653,-0.01499
0.00070129,-0.014822
0.00062126,-0.01435
0.00054624,-0.013564
0.00047446,-0.012604
0.00041233,-0.011653
0.00037042,-0.010815
0.00034852,-0.01008
0.00033175,-0.0093761
0.00030777,-0.0086258
0.00028529,-0.0077671
0.00028731,-0.0067799
0.00032282,-0.0057326
0.00037192,-0.0047782
0.00040637,-0.0040485
0.00042362,-0.003518
0.00045182,-0.0029941
0.00051701,-0.0022801
0.00061118,-0.0013559
0.00070006,-0.00037582
0.0007611,0.00051632
0.00080525,0.0013401
0.00085756,0.0022241
0.000923,0.0032209
0.00097937,0.0042318
0.0010038,0.0051433
0.00099927,0.0060019
0.0009926,0.0069828
0.0010097,0.0081704
0.0010568,0.0094166
0.0011211,0.01047
0.0011818,0.01125
0.0012203,0.011944
0.0012293,0.012792
0.0012199,0.013798
0.0012187,0.014704
0.0012499,0.015291
0.0013126,0.015667
0.0013781,0.016214
0.0014146,0.017229
0.0014175,0.018619
0.0014142,0.019982
0.0014391,0.020975
0.0015053,0.021593
0.0015982,0.022081
0.0016917,0.022619
0.0017681,0.02316
0.001824,0.023589
0.0018649,0.023983
0.0018966,0.024621
0.0019211,0.025702
0.0019347,0.027079
0.0019264,0.028331
0.0018795,0.029136
0.0017789,0.029536
0.0016214,0.029837
0.0014221,0.030255
0.0012101,0.03071
0.0010136,0.030973
0.00084573,0.030977
0.00070228,0.030915
0.00057301,0.031049
0.00045557,0.031457
0.000357,0.031995
0.00028205,0.032485
0.00022243,0.032889
0.00016083,0.033307
8.7121e-05,0.033863
8.7607e-06,0.034627
-5.6802e-05,0.035607
-9.9651e-05,0.036735
-0.00012547,0.037826
-0.00014587,0.038645
-0.00016315,0.039095
-0.00016792,0.039361
-0.00015132,0.039775
-0.00011556,0.040491
-7.0212e-05,0.041309
-2.1132e-05,0.041897
3.2877e-05,0.042203
9.0646e-05,0.042563
0.00013997,0.043339
0.00016547,0.044487
0.00016684,0.045567
0.00016448,0.04622
0.00018138,0.046567
0.00021868,0.047059
0.00025364,0.047965
0.00026588,0.049087
0.00026294,0.050021
0.00027377,0.050617
0.00031594,0.05108
0.00037488,0.051642
0.00042128,0.052269
0.00044713,0.052756
0.00047608,0.053065
0.00053339,0.053435
0.00061068,0.054117
0.00066848,0.05508
0.00067597,0.056053
0.00064388,0.056821
0.00061525,0.057387
0.0006264,0.057818
0.00068034,0.058009
0.00075472,0.057699
0.00082731,0.056729
0.00088921,0.055236
0.00093935,0.053566
0.00097678,0.052054
0.0010024,0.05091
0.001023,0.050251
0.0010469,0.050089
0.001071,0.050243
0.0010761,0.050318
0.0010374,0.049911
0.00094534,0.048888
0.00081708,0.047435
0.0006875,0.045826
0.00058418,0.044163
0.00050535,0.042392
0.0004207,0.040518
0.0002977,0.038735
0.0001324,0.037265
-4.4187e-05,0.036133
-0.00019135,0.035148
-0.00029221,0.034129
-0.00036347,0.033083
-0.00043461,0.032143
-0.00052057,0.031362
-0.00061447,0.030633
-0.00070099,0.029809
-0.00076972,0.02884
-0.00081566,0.027755
-0.000835,0.026543
-0.00082811,0.025133
-0.00080481,0.023498
-0.00077921,0.021747
-0.00075677,0.020061
-0.00073109,0.018543
-0.00069742,0.017157
-0.00066496,0.01582
-0.00064743,0.014518
-0.00064164,0.013321
-0.00062496,0.012303
-0.00058178,0.01147
-0.00052836,0.01077
-0.00050021,0.010135
-0.00051126,0.0095128
-0.00053343,0.0088688
-0.00052525,0.0081883
-0.00047835,0.0074782
-0.00042611,0.006746
-0.00040336,0.0059734
-0.00040576,0.0051288
-0.0003976,0.0042197
-0.00035642,0.003327
-0.00029952,0.002561
-0.00026185,0.0019699
-0.00025538,0.0015013
-0.00025919,0.0010681
-0.00024779,0.00065354
-0.00021977,0.00033401
-0.00019398,0.00018185
-0.00018368,0.00014958
-0.00018249,6.4134e-05
-0.00017507,-0.0002531
-0.00015358,-0.00086004
-0.00011961,-0.0016874
-7.5664e-05,-0.0026404
-2.3421e-05,-0.0036738
2.9197e-05,-0.0047495
6.7046e-05,-0.0057456
8.0015e-05,-0.0064718
7.385e-05,-0.0068277
6.169e-05,-0.0069469
4.2387e-05,-0.0071415
-7.5352e-06,-0.0076664
-0.00011376,-0.0085302
-0.000275,-0.0095459
-0.0004571,-0.010554
-0.00061842,-0.011566
-0.00074091,-0.012674
-0.00083751,-0.013869
-0.00093397,-0.014988
-0.0010463,-0.015874
-0.0011732,-0.016552
-0.0013021,-0.017213
-0.0014178,-0.017997
-0.0015097,-0.018821
-0.0015766,-0.01943
-0.0016275,-0.019659
-0.0016743,-0.019632
-0.0017198,-0.019706
-0.001754,-0.020184
-0.0017657,-0.021063
-0.0017553,-0.022044
-0.0017338,-0.022792
-0.0017073,-0.023209
-0.0016702,-0.023459
-0.0016171,-0.023763
-0.0015594,-0.024177
-0.0015197,-0.024592
-0.0015073,-0.024914
-0.0015035,-0.025197
-0.0014796,-0.025571
-0.0014282,-0.026056
-0.0013703,-0.026511
-0.0013281,-0.026793
-0.0012975,-0.026937
-0.0012556,-0.027139
-0.0011921,-0.02754
-0.0011238,-0.028052
-0.0010724,-0.028429
-0.0010361,-0.028506
-0.0009945,-0.02836
-0.0009413,-0.028234
-0.00090003,-0.028321
-0.00089651,-0.028612
-0.00091874,-0.028928
-0.00091672,-0.029068
-0.0008505,-0.028943
-0.00073546,-0.028616
-0.00063264,-0.028257
-0.00059096,-0.028022
-0.00060172,-0.027943
-0.00061245,-0.027916
-0.00058283,-0.027831
-0.00052193,-0.027726
-0.00046891,-0.027802
-0.00044217,-0.028235
-0.00041505,-0.028958
-0.00034527,-0.029657
-0.0002249,-0.030015
-9.5723e-05,-0.029976
-1.2948e-05,-0.029763
3.7196e-06,-0.029631
-1.8538e-05,-0.029633
-3.9728e-05,-0.029626
-4.7741e-05,-0.029507
-6.4951e-05,-0.029392
-0.00011981,-0.029552
-0.00021719,-0.030144
-0.00033588,-0.031049
-0.00044941,-0.031957
-0.00054577,-0.032633
-0.00062916,-0.033075
-0.00070803,-0.033435
-0.00078437,-0.033808
-0.00085366,-0.034129
-0.00091192,-0.034274
-0.00096002,-0.034218
-0.00099972,-0.034077
-0.0010275,-0.033991
-0.001036,-0.033986
-0.0010241,-0.033983
-0.0010018,-0.033924
-0.00098108,-0.033863
-0.00095861,-0.033925
-0.00091373,-0.034154
-0.00082933,-0.034443
-0.00071494,-0.034611
-0.00060277,-0.034567
-0.00051677,-0.034385
-0.0004494,-0.034219
-0.0003752,-0.034154
-0.0002858,-0.034121
-0.00020261,-0.033987
-0.00014971,-0.033698
-0.00011996,-0.033343
-7.8067e-05,-0.033069
9.3787e-07,-0.03294
0.00010405,-0.032888
0.00019617,-0.032799
0.00025964,-0.032638
0.00031036,-0.032484
0.00037407,-0.032436
0.00045536,-0.032504
0.00053716,-0.032606
0.00060705,-0.032653
0.0006738,-0.032635
0.00075382,-0.032596
0.00084606,-0.03254
0.00092725,-0.032383
0.00097289,-0.032032
0.00098091,-0.031501
0.00097504,-0.030937
0.00098823,-0.030514
0.0010428,-0.030307
0.0011406,-0.03027
0.001265,-0.030314
0.0013895,-0.030392
0.0014908,-0.030483
0.0015601,-0.030527
0.0016056,-0.030403
0.0016423,-0.030008
0.001677,-0.029354
0.0017009,-0.028573
0.0016962,-0.027828
0.0016477,-0.027201
0.0015523,-0.026672
0.0014201,-0.026202
0.0012708,-0.025805
0.0011272,-0.025557
0.0010043,-0.025501
0.00090045,-0.025576
0.00079862,-0.025615
0.00068237,-0.025468
0.00055314,-0.02512
0.00042938,-0.024709
0.00032581,-0.024396
0.00023625,-0.0242
0.00014284,-0.023948
4.3357e-05,-0.023426
-3.7552e-05,-0.022581
-7.1253e-05,-0.021593
-5.7496e-05,-0.020741
-2.6491e-05,-0.020174
-6.1699e-06,-0.01982
6.5044e-06,-0.019472
3.531e-05,-0.018962
8.9442e-05,-0.018247
0.00014834,-0.017385
0.00018525,-0.016468
0.00019875,-0.01558
0.00021289,-0.014779
0.00024744,-0.014057
0.00029603,-0.013332
0.00033686,-0.012482
0.0003589,-0.011436
0.0003711,-0.010222
0.00038833,-0.0089575
0.00041651,-0.0077735
0.00045367,-0.0067608
0.00049816,-0.0059346
0.00054818,-0.005224
0.00059451,-0.004501
0.00062221,-0.0036601
0.00062544,-0.0026993
0.00061874,-0.0017194
0.00062806,-0.00082324
0.00066734,-1.6953e-05
0.00072452,0.00077498
0.00077206,0.0016057
0.00079093,0.0024457
0.0007851,0.0032427
0.00077546,0.0040187
0.00078273,0.004858
0.0008152,0.0057806
0.00086838,0.0066582
0.00093207,0.0073008
0.00099661,0.0076578
0.0010548,0.0079255
0.0011018,0.0084302
0.0011353,0.0093788
0.0011561,0.010702
0.0011659,0.012119
0.0011627,0.01335
0.0011377,0.014278
0.001077,0.014955
0.00097124,0.015495
0.00082557,0.015968
0.00066086,0.01638
0.00050116,0.016696
0.00035888,0.016883
0.00023266,0.01695
0.00011969,0.016996
2.5869e-05,0.017214
-4.1363e-05,0.017788
-9.1164e-05,0.018731
-0.00015177,0.019822
-0.00024539,0.020751
-0.00035974,0.021383
-0.00045228,0.021874
-0.00048949,0.022491
-0.00048089,0.023308
-0.00046791,0.024112
-0.00047777,0.024635
-0.00049446,0.024842
-0.00048091,0.024966
-0.00042586,0.025248
-0.00035867,0.025715
-0.00031439,0.026232
-0.00029266,0.026746
-0.00026081,0.027385
-0.00019582,0.02829
-0.00011227,0.029414
-4.3788e-05,0.030537
-4.6424e-06,0.031499
2.0692e-05,0.032366
5.2533e-05,0.033343
9.2751e-05,0.034535
0.00013156,0.035839
0.00016756,0.037042
0.00020903,0.03801
0.00025717,0.038777
0.00030127,0.039476
0.00033716,0.040232
0.00038151,0.041091
0.00045559,0.042024
0.00055493,0.042974
0.00064546,0.043912
0.00069551,0.044857
0.00070623,0.045855
0.00070511,0.046915
0.00071493,0.047963
0.00073903,0.048876
0.00077608,0.049568
0.00083495,0.050043
0.00092386,0.050367
0.001029,0.050586
0.0011177,0.050711
0.0011701,0.050785
0.0012018,0.050951
0.0012469,0.051415
0.0013171,0.052288
0.0013818,0.053461
0.0013904,0.054649
0.0013157,0.05558
0.0011752,0.056156
0.0010171,0.056446
0.00088632,0.056558
0.00079631,0.056554
0.00072497,0.056464
0.00063491,0.056329
0.00050594,0.056153
0.00035516,0.055828
0.00022381,0.055164
0.00013859,0.054057
8.4683e-05,0.052637
2.186e-05,0.051201
-7.0162e-05,0.049994
-0.00016712,0.049032
-0.00022622,0.048146
-0.00023396,0.047172
-0.00021992,0.046084
-0.00022114,0.044954
-0.00024104,0.043831
-0.00025175,0.042681
-0.00023356,0.041453
-0.00019988,0.040167
-0.00017751,0.038917
-0.00017148,0.037794
-0.00016151,0.036805
-0.0001327,0.035867
-9.7316e-05,0.034898
-7.859e-05,0.033896
-7.9845e-05,0.032946
-8.2208e-05,0.03213
-7.3159e-05,0.031442
-6.4794e-05,0.030806
-7.5331e-05,0.030159
-0.00010031,0.029515
-0.00011626,0.028921
-0.00011411,0.02836
-0.00011531,0.027741
-0.00014384,0.026989
-0.0001888,0.026142
-0.0002102,0.025308
-0.00018647,0.024526
-0.00014485,0.02369
-0.00013296,0.022657
-0.00016297,0.021434
-0.00019728,0.020234
-0.0001946,0.019307
-0.00016065,0.018713
-0.00014179,0.018247
-0.00016851,0.017606
-0.00021589,0.016617
-0.00022756,0.015328
-0.00017631,0.01391
-9.396e-05,0.012513
-3.9213e-05,0.011215
-4.0321e-05,0.010076
-7.2644e-05,0.0091883
-9.0766e-05,0.0086199
-7.8255e-05,0.0083159
-6.4492e-05,0.008069
-9.5662e-05,0.0076237
-0.00019251,0.0068299
-0.00033591,0.0057114
-0.00048951,0.0044068
-0.00063244,0.0030643
-0.00076985,0.0017856
-0.00091631,0.0006267
-0.0010744,-0.00039523
-0.0012314,-0.0013081
-0.0013735,-0.0021645
-0.0014978,-0.0029814
-0.0016105,-0.0037082
-0.0017148,-0.0042894
-0.0018043,-0.0047666
-0.0018693,-0.0052872
-0.0019102,-0.0059821
-0.0019405,-0.0068394
-0.0019763,-0.0077299
-0.0020193,-0.0085634
-0.0020523,-0.0093863
-0.0020542,-0.010295
-0.0020218,-0.011274
-0.0019752,-0.012172
-0.0019397,-0.012858
-0.0019204,-0.013379
-0.0018985,-0.01391
-0.0018545,-0.014558
-0.0017927,-0.015242
-0.0017368,-0.015797
-0.0017011,-0.016156
-0.0016711,-0.016417
-0.0016201,-0.016719
-0.0015403,-0.017118
-0.001454,-0.017582
-0.0013896,-0.018075
-0.0013544,-0.018584
-0.0013335,-0.019062
-0.0013112,-0.019399
-0.0012838,-0.019516
-0.0012494,-0.019481
-0.001196,-0.019492
-0.0011122,-0.019699
-0.0010085,-0.020054
-0.00091653,-0.020358
-0.00086228,-0.020456
-0.00084119,-0.020367
-0.00082658,-0.020238
-0.00079909,-0.020187
-0.00076005,-0.020242
-0.00071521,-0.020419
-0.00065657,-0.020788
-0.00057096,-0.021423
-0.00046414,-0.022285
-0.00036407,-0.023188
-0.00029267,-0.023917
-0.00024001,-0.024365
-0.00017626,-0.024552
-9.0575e-05,-0.02456
-1.0123e-05,-0.024483
2.5023e-05,-0.024448
1.6312e-06,-0.024603
-5.8853e-05,-0.025038
-0.00012969,-0.025692
-0.0002056,-0.026398
-0.00029473,-0.027038
-0.00039165,-0.02764
-0.00047298,-0.028307
-0.00052521,-0.029063
-0.00056672,-0.029813
-0.00063087,-0.030444
-0.00072733,-0.030926
-0.00082858,-0.031291
-0.00089838,-0.031537
-0.00092871,-0.031615
-0.00094293,-0.03154
-0.00096462,-0.03145
-0.00099091,-0.031513
-0.00099854,-0.031752
-0.00097029,-0.032018
-0.0009099,-0.032151
-0.00083375,-0.032157
-0.00075519,-0.032189
-0.00067923,-0.032369
-0.00060727,-0.032658
-0.00054088,-0.032915
-0.00047997,-0.033056
-0.0004204,-0.033108
-0.00035538,-0.033136
-0.00027927,-0.033144
-0.00019129,-0.033089
-9.8171e-05,-0.03295
-1.2979e-05,-0.03276
5.3474e-05,-0.032574
0.0001043,-0.032427
0.00015786,-0.032335
0.00023214,-0.032294
0.00032562,-0.032258
0.00041643,-0.032145
0.00048442,-0.031906
0.00053394,-0.03161
0.00059074,-0.031418
0.00067541,-0.031417
0.00078127,-0.031495
0.00087916,-0.031426
0.00094323,-0.031102
0.00097223,-0.030653
0.00098802,-0.030313
0.0010162,-0.030175
0.0010681,-0.030124
0.0011383,-0.030024
0.0012156,-0.029919
0.0012926,-0.030003
0.0013663,-0.030372
0.0014338,-0.030871
0.0014898,-0.031203
0.0015333,-0.031188
0.0015712,-0.030905
0.0016109,-0.030575
0.0016471,-0.03036
0.0016573,-0.030291
0.0016178,-0.030352
0.001525,-0.030572
0.001402,-0.030991
0.0012806,-0.031572
0.0011774,-0.032172
0.0010875,-0.032642
0.00099698,-0.032942
0.00089957,-0.033165
0.00079843,-0.033433
0.00069707,-0.033781
0.00059443,-0.034111
0.00049073,-0.034272
0.00039457,-0.034182
0.00031966,-0.033915
0.00027289,-0.033673
0.00024699,-0.033653
0.00022637,-0.033883
0.00019991,-0.03418
0.00016798,-0.034257
0.00013932,-0.033934
0.00012416,-0.033274
0.00013015,-0.032526
0.00015941,-0.031918
0.00020377,-0.031465
0.00024361,-0.030986
0.00025843,-0.030296
0.00024492,-0.029399
0.00022374,-0.028483
0.00022244,-0.027727
0.00024797,-0.027127
0.00027904,-0.026518
0.00028925,-0.025763
0.00027652,-0.024885
0.00026418,-0.024005
0.00027225,-0.023186
0.00029458,-0.02238
0.00031064,-0.021538
0.00031595,-0.020706
0.00033078,-0.019961
0.00037515,-0.019266
0.00044192,-0.018466
0.00050311,-0.01747
0.00054214,-0.016396
0.00056992,-0.015463
0.00060358,-0.014725
0.00063743,-0.013979
0.0006472,-0.012996
0.00062513,-0.011811
0.00060015,-0.010727
0.00061287,-0.010008
0.0006722,-0.0096284
0.00074654,-0.0093444
0.00080182,-0.0089678
0.00084038,-0.0084917
0.00089267,-0.0079498
0.00097245,-0.0072584
0.001052,-0.0062857
0.001089,-0.0050617
0.0010715,-0.0038274
0.0010249,-0.002835
0.00097286,-0.0021381
0.00090352,-0.0016259
0.00078733,-0.0012314
0.00062458,-0.0010215
0.00046098,-0.0010488
0.00034544,-0.0011746
0.00027735,-0.0011204
0.00020724,-0.0007154
9.2969e-05,-5.197e-05
-5.2693e-05,0.00062963
-0.00017708,0.0011908
-0.00024544,0.001708
-0.00027359,0.0023614
-0.00030135,0.003253
-0.00034367,0.0043364
-0.0003779,0.0054772
-0.00037731,0.0065385
-0.00034627,0.007428
-0.00031523,0.0081222
-0.00030404,0.0086839
-0.00029772,0.0092363
-0.00026157,0.0098777
-0.00017818,0.010599
-6.7965e-05,0.011297
2.6275e-05,0.011875
7.552e-05,0.012352
8.8605e-05,0.012853
0.00010393,0.013517
0.0001563,0.014406
0.00024759,0.015482
0.00034713,0.016662
0.00042108,0.017874
0.00046215,0.019082
0.00049133,0.020267
0.00053322,0.0214
0.00059332,0.022443
0.00065956,0.023392
0.00072056,0.024302
0.00077602,0.025258
0.00083033,0.026304
0.00088348,0.027387
0.00093276,0.028416
0.00097903,0.029373
0.0010253,0.030356
0.0010713,0.031499
0.001115,0.03284
0.0011607,0.034259
0.0012154,0.035563
0.0012757,0.036601
0.0013275,0.037314
0.0013697,0.037726
0.00143,0.037917
0.0015378,0.038021
0.0016739,0.038193
0.0017678,0.038558
0.0017707,0.039166
0.001731,0.039998
0.0017644,0.040992
0.001927,0.042028
0.0021248,0.042916
0.0021749,0.043466
0.0019787,0.043635
0.0016268,0.043579
0.0013132,0.04354
0.0011574,0.043658
0.0011203,0.043895
0.001078,0.044164
0.00095607,0.044473
0.0007825,0.044922
0.00062805,0.04555
0.00052523,0.046265
0.00045243,0.046945
0.00037742,0.04759
0.00029624,0.048305
0.00022814,0.049143
0.00018774,0.049998
0.00017118,0.050704
0.00016496,0.051208
0.00016047,0.05159
0.00015898,0.051926
0.00016599,0.052188
0.00018249,0.052311
0.00019997,0.052339
0.00020463,0.052431
0.00019013,0.052698
0.00016772,0.05307
0.00016103,0.053352
0.00018544,0.053392
0.00023055,0.053163
0.00026718,0.052693
0.00027573,0.051981
0.00026656,0.051044
0.00026825,0.04999
0.00029474,0.048985
0.00032879,0.048099
0.00034224,0.047246
0.00032902,0.04633
0.00031131,0.045429
0.00031194,0.044773
0.00032835,0.044473
0.00034182,0.044346
0.000348,0.044052
0.00036446,0.043436
0.0004021,0.042665
0.00043924,0.042013
0.00043925,0.041546
0.00039634,0.041068
0.00035123,0.040355
0.00034971,0.039362
0.00038948,0.038178
0.00042048,0.036862
0.00040186,0.035406
0.00034935,0.033874
0.00031722,0.032467
0.00033591,0.031381
0.00037683,0.030615
0.000381,0.029968
0.00031469,0.029227
0.00019132,0.028304
4.4707e-05,0.027166
-0.00010699,0.025724
-0.00026781,0.023887
-0.00044428,0.021738
-0.00063121,0.019575
-0.0008186,0.017685
-0.0010045,0.016087
-0.0011936,0.014557
-0.0013836,0.012929
-0.0015588,0.011326
-0.0017014,0.010056
-0.0018102,0.0092841
-0.001904,0.0088563
-0.002005,0.0084441
-0.002118,0.0078225
-0.0022277,0.006985
-0.0023146,0.0060421
-0.0023723,0.0050875
-0.0024097,0.0041722
-0.0024372,0.0033354
-0.0024558,0.0025818
-0.0024606,0.0018319
-0.0024518,0.00096248
-0.0024379,-6.3005e-05
-0.0024267,-0.0011251
-0.0024151,-0.0020467
-0.0023918,-0.0027639
-0.0023496,-0.0033777
-0.0022949,-0.0040349
-0.0022436,-0.0047849
-0.0022097,-0.0055611
-0.0021952,-0.0062743
-0.0021887,-0.0068925
-0.0021738,-0.0074382
-0.0021411,-0.0079505
-0.0020958,-0.0084713
-0.0020522,-0.0090451
-0.002018,-0.0096962
-0.001984,-0.0104
-0.0019321,-0.011081
-0.0018575,-0.011649
-0.0017781,-0.012034
-0.0017186,-0.01221
-0.001684,-0.012213
-0.0016528,-0.012147
-0.001601,-0.012131
-0.00153,-0.012204
-0.0014654,-0.012292
-0.0014269,-0.01231
-0.0014032,-0.012321
-0.0013601,-0.012556
-0.0012752,-0.013212
-0.0011609,-0.014231
-0.0010531,-0.015297
-0.00097624,-0.016096
-0.00092203,-0.01655
-0.00086277,-0.016803
-0.0007849,-0.017015
-0.0007077,-0.017233
-0.00066834,-0.017474
-0.00068851,-0.017843
-0.00075631,-0.018482
-0.00083991,-0.019398
-0.00091669,-0.020407
-0.00098732,-0.021312
-0.0010637,-0.022099
-0.0011493,-0.022917
-0.0012357,-0.023863
-0.0013137,-0.024833
-0.001382,-0.025624
-0.0014413,-0.026135
-0.001488,-0.026448
-0.0015185,-0.026695
-0.0015383,-0.026916
-0.0015567,-0.027063
-0.0015715,-0.027118
-0.0015652,-0.027142
-0.001526,-0.02722
-0.0014681,-0.027379
-0.0014207,-0.027573
-0.0013911,-0.027743
-0.0013495,-0.02787
-0.0012589,-0.027983
-0.0011215,-0.028141
-0.0009829,-0.028385
-0.00088619,-0.028698
-0.00082746,-0.028997
-0.00076571,-0.029209
-0.00067319,-0.029347
-0.00056573,-0.029499
-0.00047964,-0.029713
-0.00042758,-0.029905
-0.00038674,-0.029945
-0.00032896,-0.029814
-0.00025183,-0.02966
-0.00017455,-0.029644
-0.00010957,-0.029763
-4.7906e-05,-0.029863
2.7185e-05,-0.02983
0.00011895,-0.029703
0.00021406,-0.029595
0.00029799,-0.029521
0.00036735,-0.029383
0.00042718,-0.029117
0.00048261,-0.028781
0.00053582,-0.028462
0.00058793,-0.028146
0.00063914,-0.02776
0.00068807,-0.027348
0.00073643,-0.027109
0.00079489,-0.027195
0.00087659,-0.027503
0.00097882,-0.027738
0.0010752,-0.02772
0.0011365,-0.027552
0.0011628,-0.027452
0.0011867,-0.027461
0.0012353,-0.027408
0.0012901,-0.027188
0.0012973,-0.026966
0.0012216,-0.027033
0.0010867,-0.027474
0.00095156,-0.028072
0.00085216,-0.028563
0.00077365,-0.028926
